Remark,External Document No.,QB Num,No.,Item,Qty(+),Ship Date,Customer Ordering Desc.,Pre/Bare
SO25050035,NTA_FIREFLY_SO-20250640,POD-250648,S51-SL1708FF-003,i7-9700TE,10.0,2025/11/19,i7-9700TE,Pre
SO25050035,NTA_FIREFLY_SO-20250640,POD-250648,S51-SL1708FF-003,DDR4-16GB-32-SM and M.280-SSD-1TB-PCIe44-TLC5-PN,10.0,2025/11/19,DDR4-16GB-32-SM and M.280-SSD-1TB-PCIe44-TLC5-PN,Pre
SO25050035,NTA_FIREFLY_SO-20250640,POD-250648,S51-SL1708FF-003,SEMIL-1708-FF,10.0,2025/11/19,SEMIL-1708-FF,Pre
SO25050036,NTA_FIREFLY_SO-20250641,POD-250649,S51-SL1708FF-003,i7-9700TE,10.0,2025/12/17,i7-9700TE,Pre
SO25050036,NTA_FIREFLY_SO-20250641,POD-250649,S51-SL1708FF-003,DDR4-16GB-32-SM and M.280-SSD-1TB-PCIe44-TLC5-PN,10.0,2025/12/17,DDR4-16GB-32-SM and M.280-SSD-1TB-PCIe44-TLC5-PN,Pre
SO25050036,NTA_FIREFLY_SO-20250641,POD-250649,S51-SL1708FF-003,SEMIL-1708-FF,10.0,2025/12/17,SEMIL-1708-FF,Pre
SO25050037,NTA_FIREFLY_SO-20250642,POD-250650,S51-SL1708FF-003,i7-9700TE,10.0,2026/1/14,i7-9700TE,Pre
SO25050037,NTA_FIREFLY_SO-20250642,POD-250650,S51-SL1708FF-003,DDR4-16GB-32-SM and M.280-SSD-1TB-PCIe44-TLC5-PN,10.0,2026/1/14,DDR4-16GB-32-SM and M.280-SSD-1TB-PCIe44-TLC5-PN,Pre
SO25050037,NTA_FIREFLY_SO-20250642,POD-250650,S51-SL1708FF-003,SEMIL-1708-FF,10.0,2026/1/14,SEMIL-1708-FF,Pre
SO25070419,NTA_AEI_(4-3),POD-251059,S60-UC033000-001,DDR3L-4GB-WT18-DL1,25.0,2026/1/7,DDR3L-4GB-WT18-DL1,Pre
SO25070419,NTA_AEI_(4-3),POD-251059,S60-UC033000-001,mSATAHS-64GB-MLCWT-IK,25.0,2026/1/7,mSATAHS-64GB-MLCWT-IK,Pre
SO25070419,NTA_AEI_(4-3),POD-251059,S60-UC033000-001,Win10IoT19-Entry,25.0,2026/1/7,Win10IoT19-Entry,Pre
SO25070419,NTA_AEI_(4-3),POD-251059,S60-UC033000-001,POC-330,25.0,2026/1/7,POC-330,Pre
SO25070420,NTA_AEI_(4-4),POD-251060,S60-UC033000-001,DDR3L-4GB-WT18-DL1,25.0,2026/2/4,DDR3L-4GB-WT18-DL1,Pre
SO25070420,NTA_AEI_(4-4),POD-251060,S60-UC033000-001,mSATAHS-64GB-MLCWT-IK,25.0,2026/2/4,mSATAHS-64GB-MLCWT-IK,Pre
SO25070420,NTA_AEI_(4-4),POD-251060,S60-UC033000-001,Win10IoT19-Entry,25.0,2026/2/4,Win10IoT19-Entry,Pre
SO25070420,NTA_AEI_(4-4),POD-251060,S60-UC033000-001,POC-330,25.0,2026/2/4,POC-330,Pre
SO25070496,NTA_COGNEX_SO-20251044,POD-251062,S51-UC0715CG-001,DDR5-16GB-56-SM,5.0,2025/12/24,DDR5-16GB-56-SM,Pre
SO25070496,NTA_COGNEX_SO-20251044,POD-251062,S51-UC0715CG-001,M.280-SSD-256GB-PCIe44-TLC5-PN,5.0,2025/12/24,M.280-SSD-256GB-PCIe44-TLC5-PN,Pre
SO25070496,NTA_COGNEX_SO-20251044,POD-251062,S51-UC0715CG-001,mPCIe-Ado-AX92905,5.0,2025/12/24,mPCIe-Ado-AX92905,Pre
SO25070496,NTA_COGNEX_SO-20251044,POD-251062,S51-UC0715CG-001,POC-715-CGN1,5.0,2025/12/24,POC-715-CGN1,Pre
SO25070496,NTA_COGNEX_SO-20251044,POD-251062,S51-UC0715C1-001,DDR5-16GB-56-SM,5.0,2025/12/24,DDR5-16GB-56-SM,Pre
SO25070496,NTA_COGNEX_SO-20251044,POD-251062,S51-UC0715C1-001,M.280-SSD-256GB-PCIe44-TLC5-PN,5.0,2025/12/24,M.280-SSD-256GB-PCIe44-TLC5-PN,Pre
SO25070496,NTA_COGNEX_SO-20251044,POD-251062,S51-UC0715C1-001,mPCIe-Ado-AX92905,5.0,2025/12/24,mPCIe-Ado-AX92905,Pre
SO25070496,NTA_COGNEX_SO-20251044,POD-251062,S51-UC0715C1-001,POC-715-CGN2,5.0,2025/12/24,POC-715-CGN2,Pre
SO25080092,NTA_APPLIED INTUITION_SO-20251113_1,POD-251122,S60-RU023000-049,M.280-SSD-2TB-PCIe44-TLC5ET-TD,10.0,2025/10/8,M.280-SSD-2TB-PCIe44-TLC5ET-TD,Pre
SO25080092,NTA_APPLIED INTUITION_SO-20251113_1,POD-251122,S60-RU023000-049,SSD-2TB-TLC-IK,10.0,2025/10/8,SSD-2TB-TLC-IK,Pre
SO25080092,NTA_APPLIED INTUITION_SO-20251113_1,POD-251122,S60-RU023000-049,GC-Jetson-AGX64GB-Orin-Nvidia,10.0,2025/10/8,GC-Jetson-AGX64GB-Orin-Nvidia-JetPack-6.0,Pre
SO25080092,NTA_APPLIED INTUITION_SO-20251113_1,POD-251122,S60-RU023000-049,NRU-230V-AWP,10.0,2025/10/8,NRU-230V-AWP,Pre
SO25080093,NTA_APPLIED INTUITION_SO-20251113_2,POD-251123,S60-RU023000-049,M.280-SSD-2TB-PCIe44-TLC5ET-TD,15.0,2025/10/16,M.280-SSD-2TB-PCIe44-TLC5ET-TD,Pre
SO25080093,NTA_APPLIED INTUITION_SO-20251113_2,POD-251123,S60-RU023000-049,SSD-2TB-TLC-IK,15.0,2025/10/16,SSD-2TB-TLC-IK,Pre
SO25080093,NTA_APPLIED INTUITION_SO-20251113_2,POD-251123,S60-RU023000-049,GC-Jetson-AGX64GB-Orin-Nvidia,15.0,2025/10/16,GC-Jetson-AGX64GB-Orin-Nvidia-JetPack-6.0,Pre
SO25080093,NTA_APPLIED INTUITION_SO-20251113_2,POD-251123,S60-RU023000-049,NRU-230V-AWP,15.0,2025/10/16,NRU-230V-AWP,Pre
SO25080222,NTA_NEAR EARTH_SO-20251145,POD-251157,S60-SL204700-029,i9-14900,1.0,2025/10/8,i9-14900,Pre
SO25080222,NTA_NEAR EARTH_SO-20251145,POD-251157,S60-SL204700-029,DDR5-32GB-48WT-SM,2.0,2025/10/8,2x DDR5-32GB-48WT-SM,Pre
SO25080222,NTA_NEAR EARTH_SO-20251145,POD-251157,S60-SL204700-029,SSD-1TB-TLC5WT-TD,2.0,2025/10/8,2x SSD-1TB-TLC5WT-TD,Pre
SO25080222,NTA_NEAR EARTH_SO-20251145,POD-251157,S60-SL204700-029,mPCIe-COM-2RS422/485-X202,1.0,2025/10/8,mPCIe-COM-2RS422/485-X202,Pre
SO25080222,NTA_NEAR EARTH_SO-20251145,POD-251157,S60-SL204700-029,mPCIe-DIO-0D01,1.0,2025/10/8,mPCIe-DIO-0D01,Pre
SO25080222,NTA_NEAR EARTH_SO-20251145,POD-251157,S60-SL204700-029,Pnl-3M12-2Ant-SEMIL20,1.0,2025/10/8,Pnl-3M12-2Ant-SEMIL20,Pre
SO25080222,NTA_NEAR EARTH_SO-20251145,POD-251157,S60-SL204700-029,E-mPCIe-BTWifi-WT-6218_Mod_40CM,1.0,2025/10/8,Extnd-mPCIeHS-BTWifi-WT-6218_Mod_Cbl-40CM_kits,Pre
SO25080222,NTA_NEAR EARTH_SO-20251145,POD-251157,S60-SL204700-029,DtC-M12-WP,3.0,2025/10/8,3x DtC-M12-WP,Pre
SO25080222,NTA_NEAR EARTH_SO-20251145,POD-251157,S60-SL204700-029,Cbl-W10F-2M12A8F-40CM-IK-COM,1.0,2025/10/8,Cbl-W10F-2M12A8F-40CM-IK-COM,Pre
SO25080222,NTA_NEAR EARTH_SO-20251145,POD-251157,S60-SL204700-029,Cbl-W40M-...,1.0,2025/10/8,Cbl-W40M-...,Pre
SO25080222,NTA_NEAR EARTH_SO-20251145,POD-251157,S60-SL204700-029,SEMIL-2047GC,1.0,2025/10/8,SEMIL-2047GC,Pre
SO25080244,NTA_DEXTERITY_PO_5382,POD-251164,S51-RS8805DX-005,RGS-8805GC-DEX,1.0,2025/10/16,RGS-8805GC-DEX,Pre
SO25080290,NTA_UBER_SO-20251175,POD-251180,S51-RU0222UB-002,GC-Jetson-AGX32GB-Orin-Nvidia,20.0,2025/10/8,GC-Jetson-AGX32GB-Orin-Nvidia,Pre
SO25080290,NTA_UBER_SO-20251175,POD-251180,S51-RU0222UB-002,M.280-SSD-1TB-PCIe44-TLC5WT-TD,20.0,2025/10/8,M.280-SSD-1TB-PCIe44-TLC5WT-TD,Pre
SO25080290,NTA_UBER_SO-20251175,POD-251180,S51-RU0222UB-002,M.230-BTWIFI-AX210,20.0,2025/10/8,M.230-BTWIFI-AX210,Pre
SO25080290,NTA_UBER_SO-20251175,POD-251180,S51-RU0222UB-002,mPCIe-M2E,20.0,2025/10/8,mPCIe-M2E,Pre
SO25080290,NTA_UBER_SO-20251175,POD-251180,S51-RU0222UB-002,Cbl-MHF4-RP_SMAF-30CM,40.0,2025/10/8,2x Cbl-MHF4-RP_SMAF-30CM,Pre
SO25080290,NTA_UBER_SO-20251175,POD-251180,S51-RU0222UB-002,M.2-LTE-7455,20.0,2025/10/8,M.2-LTE-7455,Pre
SO25080290,NTA_UBER_SO-20251175,POD-251180,S51-RU0222UB-002,Risr-M2B-mPCIe-SIMslot,20.0,2025/10/8,Risr-M2B-mPCIe-SIMslot,Pre
SO25080290,NTA_UBER_SO-20251175,POD-251180,S51-RU0222UB-002,Cbl-MHF4-SMAF-30CM,60.0,2025/10/8,3x Cbl-MHF4-SMAF-30CM,Pre
SO25080290,NTA_UBER_SO-20251175,POD-251180,S51-RU0222UB-002,NRU-222S,20.0,2025/10/8,NRU-222S,Pre
SO25080291,NTA_UBER_SO-20251176,POD-251181,S51-RU0222UB-002,GC-Jetson-AGX32GB-Orin-Nvidia,20.0,2025/10/16,GC-Jetson-AGX32GB-Orin-Nvidia,Pre
SO25080291,NTA_UBER_SO-20251176,POD-251181,S51-RU0222UB-002,M.280-SSD-1TB-PCIe44-TLC5WT-TD,20.0,2025/10/16,M.280-SSD-1TB-PCIe44-TLC5WT-TD,Pre
SO25080291,NTA_UBER_SO-20251176,POD-251181,S51-RU0222UB-002,M.230-BTWIFI-AX210,20.0,2025/10/16,M.230-BTWIFI-AX210,Pre
SO25080291,NTA_UBER_SO-20251176,POD-251181,S51-RU0222UB-002,mPCIe-M2E,20.0,2025/10/16,mPCIe-M2E,Pre
SO25080291,NTA_UBER_SO-20251176,POD-251181,S51-RU0222UB-002,Cbl-MHF4-RP_SMAF-30CM,40.0,2025/10/16,2x Cbl-MHF4-RP_SMAF-30CM,Pre
SO25080291,NTA_UBER_SO-20251176,POD-251181,S51-RU0222UB-002,M.2-LTE-7455,20.0,2025/10/16,M.2-LTE-7455,Pre
SO25080291,NTA_UBER_SO-20251176,POD-251181,S51-RU0222UB-002,Risr-M2B-mPCIe-SIMslot,20.0,2025/10/16,Risr-M2B-mPCIe-SIMslot,Pre
SO25080291,NTA_UBER_SO-20251176,POD-251181,S51-RU0222UB-002,Cbl-MHF4-SMAF-30CM,60.0,2025/10/16,3x Cbl-MHF4-SMAF-30CM,Pre
SO25080291,NTA_UBER_SO-20251176,POD-251181,S51-RU0222UB-002,NRU-222S,20.0,2025/10/16,NRU-222S,Pre
SO25080292,NTA_UBER_SO-20251177,POD-251182,S51-RU0222UB-002,GC-Jetson-AGX32GB-Orin-Nvidia,20.0,2025/10/16,GC-Jetson-AGX32GB-Orin-Nvidia,Pre
SO25080292,NTA_UBER_SO-20251177,POD-251182,S51-RU0222UB-002,M.280-SSD-1TB-PCIe44-TLC5WT-TD,20.0,2025/10/16,M.280-SSD-1TB-PCIe44-TLC5WT-TD,Pre
SO25080292,NTA_UBER_SO-20251177,POD-251182,S51-RU0222UB-002,M.230-BTWIFI-AX210,20.0,2025/10/16,M.230-BTWIFI-AX210,Pre
SO25080292,NTA_UBER_SO-20251177,POD-251182,S51-RU0222UB-002,mPCIe-M2E,20.0,2025/10/16,mPCIe-M2E,Pre
SO25080292,NTA_UBER_SO-20251177,POD-251182,S51-RU0222UB-002,Cbl-MHF4-RP_SMAF-30CM,40.0,2025/10/16,2x Cbl-MHF4-RP_SMAF-30CM,Pre
SO25080292,NTA_UBER_SO-20251177,POD-251182,S51-RU0222UB-002,M.2-LTE-7455,20.0,2025/10/16,M.2-LTE-7455,Pre
SO25080292,NTA_UBER_SO-20251177,POD-251182,S51-RU0222UB-002,Risr-M2B-mPCIe-SIMslot,20.0,2025/10/16,Risr-M2B-mPCIe-SIMslot,Pre
SO25080292,NTA_UBER_SO-20251177,POD-251182,S51-RU0222UB-002,Cbl-MHF4-SMAF-30CM,60.0,2025/10/16,3x Cbl-MHF4-SMAF-30CM,Pre
SO25080292,NTA_UBER_SO-20251177,POD-251182,S51-RU0222UB-002,NRU-222S,20.0,2025/10/16,NRU-222S,Pre
SO25080293,NTA_UBER_SO-20251178,POD-251183,S51-RU0222UB-002,GC-Jetson-AGX32GB-Orin-Nvidia,25.0,2025/11/5,GC-Jetson-AGX32GB-Orin-Nvidia,Pre
SO25080293,NTA_UBER_SO-20251178,POD-251183,S51-RU0222UB-002,M.280-SSD-1TB-PCIe44-TLC5WT-TD,25.0,2025/11/5,M.280-SSD-1TB-PCIe44-TLC5WT-TD,Pre
SO25080293,NTA_UBER_SO-20251178,POD-251183,S51-RU0222UB-002,M.230-BTWIFI-AX210,25.0,2025/11/5,M.230-BTWIFI-AX210,Pre
SO25080293,NTA_UBER_SO-20251178,POD-251183,S51-RU0222UB-002,mPCIe-M2E,25.0,2025/11/5,mPCIe-M2E,Pre
SO25080293,NTA_UBER_SO-20251178,POD-251183,S51-RU0222UB-002,Cbl-MHF4-RP_SMAF-30CM,50.0,2025/11/5,2x Cbl-MHF4-RP_SMAF-30CM,Pre
SO25080293,NTA_UBER_SO-20251178,POD-251183,S51-RU0222UB-002,M.2-LTE-7455,25.0,2025/11/5,M.2-LTE-7455,Pre
SO25080293,NTA_UBER_SO-20251178,POD-251183,S51-RU0222UB-002,Risr-M2B-mPCIe-SIMslot,25.0,2025/11/5,Risr-M2B-mPCIe-SIMslot,Pre
SO25080293,NTA_UBER_SO-20251178,POD-251183,S51-RU0222UB-002,Cbl-MHF4-SMAF-30CM,75.0,2025/11/5,3x Cbl-MHF4-SMAF-30CM,Pre
SO25080293,NTA_UBER_SO-20251178,POD-251183,S51-RU0222UB-002,NRU-222S,25.0,2025/11/5,NRU-222S,Pre
SO25080294,NTA_UBER_SO-20251179,POD-251184,S51-RU0222UB-002,GC-Jetson-AGX32GB-Orin-Nvidia,20.0,2025/11/5,GC-Jetson-AGX32GB-Orin-Nvidia,Pre
SO25080294,NTA_UBER_SO-20251179,POD-251184,S51-RU0222UB-002,M.280-SSD-1TB-PCIe44-TLC5WT-TD,20.0,2025/11/5,M.280-SSD-1TB-PCIe44-TLC5WT-TD,Pre
SO25080294,NTA_UBER_SO-20251179,POD-251184,S51-RU0222UB-002,M.230-BTWIFI-AX210,20.0,2025/11/5,M.230-BTWIFI-AX210,Pre
SO25080294,NTA_UBER_SO-20251179,POD-251184,S51-RU0222UB-002,mPCIe-M2E,20.0,2025/11/5,mPCIe-M2E,Pre
SO25080294,NTA_UBER_SO-20251179,POD-251184,S51-RU0222UB-002,Cbl-MHF4-RP_SMAF-30CM,40.0,2025/11/5,2x Cbl-MHF4-RP_SMAF-30CM,Pre
SO25080294,NTA_UBER_SO-20251179,POD-251184,S51-RU0222UB-002,M.2-LTE-7455,20.0,2025/11/5,M.2-LTE-7455,Pre
SO25080294,NTA_UBER_SO-20251179,POD-251184,S51-RU0222UB-002,Risr-M2B-mPCIe-SIMslot,20.0,2025/11/5,Risr-M2B-mPCIe-SIMslot,Pre
SO25080294,NTA_UBER_SO-20251179,POD-251184,S51-RU0222UB-002,Cbl-MHF4-SMAF-30CM,60.0,2025/11/5,3x Cbl-MHF4-SMAF-30CM,Pre
SO25080294,NTA_UBER_SO-20251179,POD-251184,S51-RU0222UB-002,NRU-222S,20.0,2025/11/5,NRU-222S,Pre
SO25080339,NTA_NEAR EARTH_SO-20251174,POD-251191,S60-SL204700-029,i9-14900,2.0,2025/10/8,i9-14900,Pre
SO25080339,NTA_NEAR EARTH_SO-20251174,POD-251191,S60-SL204700-029,DDR5-32GB-48WT-SM,4.0,2025/10/8,2x DDR5-32GB-48WT-SM,Pre
SO25080339,NTA_NEAR EARTH_SO-20251174,POD-251191,S60-SL204700-029,SSD-1TB-TLC5WT-TD,4.0,2025/10/8,2x SSD-1TB-TLC5WT-TD,Pre
SO25080339,NTA_NEAR EARTH_SO-20251174,POD-251191,S60-SL204700-029,mPCIe-COM-2RS422/485-X202,2.0,2025/10/8,mPCIe-COM-2RS422/485-X202,Pre
SO25080339,NTA_NEAR EARTH_SO-20251174,POD-251191,S60-SL204700-029,mPCIe-DIO-0D01,2.0,2025/10/8,mPCIe-DIO-0D01,Pre
SO25080339,NTA_NEAR EARTH_SO-20251174,POD-251191,S60-SL204700-029,Pnl-3M12-2Ant-SEMIL20,2.0,2025/10/8,Pnl-3M12-2Ant-SEMIL20,Pre
SO25080339,NTA_NEAR EARTH_SO-20251174,POD-251191,S60-SL204700-029,E-mPCIe-BTWifi-WT-6218_Mod_40CM,2.0,2025/10/8,E-mPCIe-BTWifi-WT-6218_Mod_40CM,Pre
SO25080339,NTA_NEAR EARTH_SO-20251174,POD-251191,S60-SL204700-029,DtC-M12-WP,6.0,2025/10/8,3x DtC-M12-WP,Pre
SO25080339,NTA_NEAR EARTH_SO-20251174,POD-251191,S60-SL204700-029,Cbl-W10F-2M12A8F-40CM-IK-COM,2.0,2025/10/8,Cbl-W10F-2M12A8F-40CM-IK-COM,Pre
SO25080339,NTA_NEAR EARTH_SO-20251174,POD-251191,S60-SL204700-029,Cbl-W40M-M12A8F-40CM-IK-DIO1,2.0,2025/10/8,Cbl-W40M-M12A8F-40CM-IK-DIO1,Pre
SO25080339,NTA_NEAR EARTH_SO-20251174,POD-251191,S60-SL204700-029,SEMIL-2047GC,2.0,2025/10/8,SEMIL-2047GC,Pre
SO25080383,P96704,POD-251193,S50-VR560800-PUF,i7-6700,1.0,2025/10/23,i7-6700,Pre
SO25080383,P96704,POD-251193,S50-VR560800-PUF,Nuvo-5608VR,1.0,2025/10/23,Nuvo-5608VR,Pre
SO25080459,P96729,POD-251220,S50-EC900633-PU5,i9-12900TE,4.0,2025/10/9,i9-12900TE,Pre
SO25080459,P96729,POD-251220,S50-EC900633-PU5,Nuvo-9006LP-PoE,4.0,2025/10/9,Nuvo-9006LP-PoE,Pre
SO25080459,P96729,POD-251220,S50-EC900633-PU6,i9-14900,2.0,2025/10/9,i9-14900,Pre
SO25080459,P96729,POD-251220,S50-EC900633-PU6,Nuvo-9006LP-PoE,2.0,2025/10/9,Nuvo-9006LP-PoE,Pre
SO25080478,NTA_SCOUT AI_SO-20251222,POD-251238,S50-RU023000-098,GC-J-A64GB-O-Industrial-Nvidia,7.0,2025/10/8,GC-Jetson-AGX64GB-Orin-Industrial-Nvidia-JetPack-6.0,Pre
SO25080478,NTA_SCOUT AI_SO-20251222,POD-251238,S50-RU023000-098,M.280-SSD-2TB-PCIe44-TLC5WT-TD,7.0,2025/10/8,M.280-SSD-2TB-PCIe44-TLC5WT-TD,Pre
SO25080478,NTA_SCOUT AI_SO-20251222,POD-251238,S50-RU023000-098,NRU-230V-AWP,7.0,2025/10/8,NRU-230V-AWP,Pre
SO25080478,NTA_SCOUT AI_SO-20251222,POD-251238,S50-RU023000-105,GC-Jetson-AGX64GB-Orin-Nvidia,9.0,2025/10/8,GC-Jetson-AGX64GB-Orin-Nvidia-JetPack-6.0,Pre
SO25080478,NTA_SCOUT AI_SO-20251222,POD-251238,S50-RU023000-105,M.280-SSD-2TB-PCIe44-TLC5WT-TD,9.0,2025/10/8,M.280-SSD-2TB-PCIe44-TLC5WT-TD,Pre
SO25080478,NTA_SCOUT AI_SO-20251222,POD-251238,S50-RU023000-105,NRU-230V-AWP,9.0,2025/10/8,NRU-230V-AWP,Pre
SO25080496,P96744,POD-251233,S50-EC753100-PU8,i7-9700TE,1.0,2025/10/9,i7-9700TE,Pre
SO25080496,P96744,POD-251233,S50-EC753100-PU8,Nuvo-7531,1.0,2025/10/9,Nuvo-7531,Pre
SO25090021,NTA_US ARMY_SO-20251236,POD-251251,S50-SL200700-125,i9-14900,2.0,2025/10/16,i9-14900,Pre
SO25090021,NTA_US ARMY_SO-20251236,POD-251251,S50-SL200700-125,DDR5-32GB-48WT-SM,4.0,2025/10/16,2x DDR5-32GB-48WT-SM,Pre
SO25090021,NTA_US ARMY_SO-20251236,POD-251251,S50-SL200700-125,SSD-2TB-TLC5WT-TD,2.0,2025/10/16,SSD-2TB-TLC5WT-TD,Pre
SO25090021,NTA_US ARMY_SO-20251236,POD-251251,S50-SL200700-125,M.280-SSD-1TB-PCIe44-TLC5WT-TD,2.0,2025/10/16,M.280-SSD-1TB-PCIe44-TLC5WT-TD,Pre
SO25090021,NTA_US ARMY_SO-20251236,POD-251251,S50-SL200700-125,SEMIL-2007,2.0,2025/10/16,SEMIL-2007,Pre
SO25090098,NTA_CARNEGIE_SO-20251248,POD-251261,S51-SL2047CR-006,i9-13900E,3.0,2025/10/22,i9-13900E,Pre
SO25090098,NTA_CARNEGIE_SO-20251248,POD-251261,S51-SL2047CR-006,SSD-2TB-TLC5WT-TD,6.0,2025/10/22,2x SSD-2TB-TLC5WT-TD,Pre
SO25090098,NTA_CARNEGIE_SO-20251248,POD-251261,S51-SL2047CR-006,M.280-SSD-4TB-PCIe4-TLCWT5NH-IK,3.0,2025/10/22,M.280-SSD-4TB-PCIe4-TLCWT5-NH-IK,Pre
SO25090098,NTA_CARNEGIE_SO-20251248,POD-251261,S51-SL2047CR-006,DDR5-32GB-48WT-SM,6.0,2025/10/22,2x DDR5-32GB-48WT-SM,Pre
SO25090098,NTA_CARNEGIE_SO-20251248,POD-251261,S51-SL2047CR-006,mPCIe-COM-4RS232/422/485-X404,3.0,2025/10/22,mPCIe-COM-4RS232/422/485-X404,Pre
SO25090098,NTA_CARNEGIE_SO-20251248,POD-251261,S51-SL2047CR-006,mPCIe-CAN-IPEH-4047,3.0,2025/10/22,mPCIe-CAN-IPEH-4047,Pre
SO25090098,NTA_CARNEGIE_SO-20251248,POD-251261,S51-SL2047CR-006,Cbl-W20F-2M12A10F-40CM-IK-COM,3.0,2025/10/22,Cbl-W20F-2M12A10F-40CM-IK-COM,Pre
SO25090098,NTA_CARNEGIE_SO-20251248,POD-251261,S51-SL2047CR-006,Cbl-W5M-M12A5F-40CM-PK-CANFD-TP,12.0,2025/10/22,4x Cbl-W5M-M12A5F-40CM-PK-CANFD-TP,Pre
SO25090098,NTA_CARNEGIE_SO-20251248,POD-251261,S51-SL2047CR-006,DtC-M12-WP.,18.0,2025/10/22,6x DtC-M12-WP.,Pre
SO25090098,NTA_CARNEGIE_SO-20251248,POD-251261,S51-SL2047CR-006,SEMIL-2047GC-CRL,3.0,2025/10/22,SEMIL-2047GC-CRL,Pre
SO25090115,NTA_HONEYWELL_SO-20251228,POD-251229,S60-SL170800-022,E-2278GE,3.0,2026/4/1,E-2278GE,Pre
SO25090115,NTA_HONEYWELL_SO-20251228,POD-251229,S60-SL170800-022,DDR4-32GB-ECC26WT-DL,6.0,2026/4/1,2x DDR4-32GB-ECC26WT-DL,Pre
SO25090115,NTA_HONEYWELL_SO-20251228,POD-251229,S60-SL170800-022,M.280-SSD-2TB-PCIe44-TLC5WT-TD,3.0,2026/4/1,M.280-SSD-2TB-PCIe44-TLC5WT-TD,Pre
SO25090115,NTA_HONEYWELL_SO-20251228,POD-251229,S60-SL170800-022,SSD-2TB-TLC5WT-TD,3.0,2026/4/1,SSD-2TB-TLC5WT-TD,Pre
SO25090115,NTA_HONEYWELL_SO-20251228,POD-251229,S60-SL170800-022,SEMIL-1708,3.0,2026/4/1,SEMIL-1708,Pre
SO25090138,NTA_INFLEXION POINT_SO-20251260,POD-251278,S50-EC700630-138,i7-9700E,20.0,2025/10/16,i7-9700E,Pre
SO25090138,NTA_INFLEXION POINT_SO-20251260,POD-251278,S50-EC700630-138,DDR4-16GB-32-SM,20.0,2025/10/16,DDR4-16GB-32-SM,Pre
SO25090138,NTA_INFLEXION POINT_SO-20251260,POD-251278,S50-EC700630-138,Nuvo-7006LP,20.0,2025/10/16,Nuvo-7006LP,Pre
SO25090139,NTA_IRD_SO-20251262,POD-251279,S50-RU012000-PU8,GC-Jetson-AGX-Xavier-Nvidia_BSP,4.0,2025/10/8,GC-Jetson-AGX-Xavier-Nvidia_BSP,Pre
SO25090139,NTA_IRD_SO-20251262,POD-251279,S50-RU012000-PU8,NRU-120S,4.0,2025/10/8,NRU-120S,Pre
SO25090154,P96762(P),POD-251268,S50-RU022200-016,GC-Jetson-AGX32GB-Orin-Nvidia-JetPack-6.0,3.0,2025/10/31,GC-Jetson-AGX32GB-Orin-Nvidia-JetPack-6.0,Pre
SO25090154,P96762(P),POD-251268,S50-RU022200-016,NRU-222S,3.0,2025/10/31,NRU-222S,Pre
SO25090155,P96762(P),POD-251270,S50-RU022200-016,GC-Jetson-AGX32GB-Orin-Nvidia-JetPack-6.0,3.0,2025/10/31,GC-Jetson-AGX32GB-Orin-Nvidia-JetPack-6.0,Pre
SO25090155,P96762(P),POD-251270,S50-RU022200-016,NRU-222S,3.0,2025/10/31,NRU-222S,Pre
SO25090156,P96768,POD-251280,S50-GCA10801-039,i9-13900E,3.0,2025/10/17,i9-13900E,Pre
SO25090156,P96768,POD-251280,S50-GCA10801-039,Nuvo-10108GC-10G,3.0,2025/10/17,Nuvo-10108GC-10G,Pre
SO25090159,NTA_AIM_SO-20251153,POD-251286,S60-SL204700-034,i9-14900,7.0,2025/10/16,i9-14900,Pre
SO25090159,NTA_AIM_SO-20251153,POD-251286,S60-SL204700-034,DDR5-16GB-56WT-SM,14.0,2025/10/16,2x DDR5-16GB-56WT-SM,Pre
SO25090159,NTA_AIM_SO-20251153,POD-251286,S60-SL204700-034,M.280-SSD-2TB-PCIe44-TLC5WT-TD,7.0,2025/10/16,M.280-SSD-2TB-PCIe44-TLC5WT-TD,Pre
SO25090159,NTA_AIM_SO-20251153,POD-251286,S60-SL204700-034,SEMIL-2047GC,7.0,2025/10/16,SEMIL-2047GC,Pre
SO25090173,P96746,POD-251259,S50-SL200700-126,i5-14500,13.0,2025/10/31,i5-14500,Pre
SO25090173,P96746,POD-251259,S50-SL200700-126,DDR5-16GB-56-SM,13.0,2025/10/31,DDR5-16GB-56-SM,Pre
SO25090173,P96746,POD-251259,S50-SL200700-126,M.280-SSD-1TB-PCIe44-TLC5-PN,13.0,2025/10/31,M.280-SSD-1TB-PCIe44-TLC5-PN,Pre
SO25090173,P96746,POD-251259,S50-SL200700-126,E-mPCIe-BTWifi-WT-6218_Mod_40CM,13.0,2025/10/31,Extnd-mPCIeHS-BTWifi-WT-6218_Mod_Cbl-40CM_kits,Pre
SO25090173,P96746,POD-251259,S50-SL200700-126,Pnl-5Ant-SEMIL20,13.0,2025/10/31,Pnl-5Ant-SEMIL20,Pre
SO25090173,P96746,POD-251259,S50-SL200700-126,SEMIL-2007,13.0,2025/10/31,SEMIL-2007,Pre
SO25090201,P96779,POD-251291,S50-GCA10801-PU2,i9-13900E,3.0,2025/10/17,i9-13900E,Pre
SO25090201,P96779,POD-251291,S50-GCA10801-PU2,Nuvo-10108GC-10G,3.0,2025/10/17,Nuvo-10108GC-10G,Pre
SO25090202,P96774,POD-251292,S50-ECB00601-PU1,Core Ultra 9 285T,2.0,2025/12/5,Core Ultra 9 285T,Pre
SO25090202,P96774,POD-251292,S50-ECB00601-PU1,Nuvo-11006E,2.0,2025/12/5,Nuvo-11006E,Pre
SO25090218,"SIM SPORTS CORPORATION, PO#108187",POD-251293,S60-RU015600-001,M.242-SSD-128GB-PCIe34-TLCET-PN,2.0,2025/10/14,M.242-SSD-128GB-PCIe34-TLCET-PN,Pre
SO25090218,"SIM SPORTS CORPORATION, PO#108187",POD-251293,S60-RU015600-001,GC-Jetson-NX16G-Orin-Nvidia-JetPack 6.0,2.0,2025/10/14,GC-Jetson-NX16G-Orin-Nvidia-JetPack 6.0,Pre
SO25090218,"SIM SPORTS CORPORATION, PO#108187",POD-251293,S60-RU015600-001,Adapter-Active-DP-HDMI-BENFEI,2.0,2025/10/14,Adapter-Active-DP-HDMI-BENFEI,Pre
SO25090218,"SIM SPORTS CORPORATION, PO#108187",POD-251293,S60-RU015600-001,NRU-156U3-FT-JON,2.0,2025/10/14,NRU-156U3-FT-JON,Pre
SO25090223,NTA_IRD_SO-20251287,POD-251300,S50-RU012000-PU8,GC-Jetson-AGX-Xavier-Nvidia_BSP,1.0,2025/10/16,GC-Jetson-AGX-Xavier-Nvidia_BSP,Pre
SO25090223,NTA_IRD_SO-20251287,POD-251300,S50-RU012000-PU8,NRU-120S,1.0,2025/10/16,NRU-120S,Pre
SO25090240,NTA_ATSC_SO-20251290,POD-251307,S50-RU022000-PU7,GC-Jetson-AGX64GB-Orin-Nvidia,1.0,2025/10/16,GC-Jetson-AGX64GB-Orin-Nvidia-JetPack-6.0,Pre
SO25090240,NTA_ATSC_SO-20251290,POD-251307,S50-RU022000-PU7,NRU-220S,1.0,2025/10/16,NRU-220S,Pre
SO25090246,P96787,POD-251303,S50-EC900633-PU7,i5-12500TE,6.0,2025/10/17,i5-12500TE,Pre
SO25090246,P96787,POD-251303,S50-EC900633-PU7,Nuvo-9006LP-PoE,6.0,2025/10/17,Nuvo-9006LP-PoE,Pre
SO25090247,P96782,POD-251296,S50-EC900612-PU7,i9-13900E,2.0,2025/10/17,i9-13900E,Pre
SO25090247,P96782,POD-251296,S50-EC900612-PU7,Nuvo-9006E,2.0,2025/10/17,Nuvo-9006E,Pre
SO25090272,NTA_INVENTORY,POD-251320,S50-RU022000-PU7,GC-Jetson-AGX64GB-Orin-Nvidia,3.0,2025/10/16,GC-Jetson-AGX64GB-Orin-Nvidia-JetPack-6.0,Pre
SO25090272,NTA_INVENTORY,POD-251320,S50-RU022000-PU7,NRU-220S,3.0,2025/10/16,NRU-220S,Pre
SO25090277,NTA_CANDELA_SO-20251259,POD-251308,S51-XCA007CD-001,i7-14700,1.0,2025/11/5,i7-14700,Pre
SO25090277,NTA_CANDELA_SO-20251259,POD-251308,S51-XCA007CD-001,DDR5-32GB-56WT-SM,2.0,2025/11/5,2x DDR5-32GB-56WT-SM,Pre
SO25090277,NTA_CANDELA_SO-20251259,POD-251308,S51-XCA007CD-001,and 2x SSD-512GB-TLC5WT-TD,1.0,2025/11/5,and 2x SSD-512GB-TLC5WT-TD,Pre
SO25090277,NTA_CANDELA_SO-20251259,POD-251308,S51-XCA007CD-001,Nuvo-10007-CTI,1.0,2025/11/5,Nuvo-10007-CTI,Pre
SO25090279,P96789(P),POD-251311,S50-GCA10801-PU3,i9-14900,6.0,2025/10/17,i9-14900,Pre
SO25090279,P96789(P),POD-251311,S50-GCA10801-PU3,Nuvo-10108GC-10G,6.0,2025/10/17,Nuvo-10108GC-10G,Pre
SO25090279,P96789(P),POD-251311,S50-GCA10800-PU7,i9-14900,6.0,2025/10/17,i9-14900,Pre
SO25090279,P96789(P),POD-251311,S50-GCA10800-PU7,Nuvo-10108GC,6.0,2025/10/17,Nuvo-10108GC,Pre
SO25090280,P96789(P),POD-251312,S50-GCA20801-PU3,i9-14900,4.0,2025/10/31,i9-14900,Pre
SO25090280,P96789(P),POD-251312,S50-GCA20801-PU3,Nuvo-10208GC-10G,4.0,2025/10/31,Nuvo-10208GC-10G,Pre
SO25090280,P96789(P),POD-251312,S50-GCA20800-PU4,i9-14900,4.0,2025/10/31,i9-14900,Pre
SO25090280,P96789(P),POD-251312,S50-GCA20800-PU4,Nuvo-10208GC,4.0,2025/10/31,Nuvo-10208GC,Pre
SO25090381,P96819,POD-251342,S50-RU024000-074,GC-Jetson-AGX64GB-Orin-Nvidia,1.0,2025/10/23,GC-Jetson-AGX64GB-Orin-Nvidia-JetPack-6.0,Pre
SO25090381,P96819,POD-251342,S50-RU024000-074,M.280-SSD-512GB-PCIe44-TLC5WT-T,1.0,2025/10/23,M.280-SSD-512GB-PCIe44-TLC5WT-TD,Pre
SO25090381,P96819,POD-251342,S50-RU024000-074,NRU-240S-AWP,1.0,2025/10/23,NRU-240S-AWP,Pre
SO25090386,P96828,POD-251346,S50-EC953101-033,i9-13900TE,3.0,2025/10/23,i9-13900TE,Pre
SO25090386,P96828,POD-251346,S50-EC953101-033,Nuvo-9531-PoE,3.0,2025/10/23,Nuvo-9531-PoE,Pre
SO25090403,P96829,POD-251356,S50-EC900632-PU3,i5-12500TE,10.0,2025/10/31,i5-12500TE,Pre
SO25090403,P96829,POD-251356,S50-EC900632-PU3,Nuvo-9006LP,10.0,2025/10/31,Nuvo-9006LP,Pre
SO25090433,NTA_CERL_SO-20251343,POD-251363,S50-RU017100-021,GC-Jetson-NX16G-Orin-Nvidia-JetPack 6.0,1.0,2025/10/29,GC-Jetson-NX16G-Orin-Nvidia-JetPack 6.0,Pre
SO25090433,NTA_CERL_SO-20251343,POD-251363,S50-RU017100-021,M.242-SSD-1TB-PCIe34-TLC5WT-TD,1.0,2025/10/29,M.242-SSD-1TB-PCIe34-TLC5WT-TD,Pre
SO25090433,NTA_CERL_SO-20251343,POD-251363,S50-RU017100-021,E-mPCIe-BTWifi-WT-6218_Mod_15CM,1.0,2025/10/29,E-mPCIe-BTWifi-WT-6218_Mod_15CM,Pre
SO25090433,NTA_CERL_SO-20251343,POD-251363,S50-RU017100-021,FPnl-3Ant-NRU-170-PPC series,1.0,2025/10/29,FPnl-3Ant-NRU-170-PPC series,Pre
SO25090433,NTA_CERL_SO-20251343,POD-251363,S50-RU017100-021,NRU-171V-PPC-JON16-NS,1.0,2025/10/29,NRU-171V-PPC-JON16-NS,Pre
SO25090451,NTA_FEV_NORTH AMERICA_SO-20251348,POD-251369,S60-SL204700-041,i9-14900,1.0,,i9-14900,Pre
SO25090451,NTA_FEV_NORTH AMERICA_SO-20251348,POD-251369,S60-SL204700-041,DDR5-32GB-48WT-SM,2.0,,2x DDR5-32GB-48WT-SM,Pre
SO25090451,NTA_FEV_NORTH AMERICA_SO-20251348,POD-251369,S60-SL204700-041,M.280-SSD-4TB-PCIe4-TLCWT5-IK,1.0,,M.280-SSD-4TB-PCIe4-TLCWT5-IK,Pre
SO25090451,NTA_FEV_NORTH AMERICA_SO-20251348,POD-251369,S60-SL204700-041,Pnl-5Ant-SEMIL20,1.0,,Pnl-5Ant-SEMIL20,Pre
SO25090451,NTA_FEV_NORTH AMERICA_SO-20251348,POD-251369,S60-SL204700-041,E-mPCIe-GPS-M800_Mod_40CM,1.0,,E-mPCIe-GPS-M800_Mod_40CM,Pre
SO25090451,NTA_FEV_NORTH AMERICA_SO-20251348,POD-251369,S60-SL204700-041,E-mPCIe-BTWifi-WT-6218_Mod_40CM,1.0,,E-mPCIe-BTWifi-WT-6218_Mod_40CM,Pre
SO25090451,NTA_FEV_NORTH AMERICA_SO-20251348,POD-251369,S60-SL204700-041,SEMIL-2047GC,1.0,,SEMIL-2047GC,Pre
SO25090502,P96851,POD-251374,S50-EC953101-PU5,i3-12100TE,5.0,2025/10/23,i3-12100TE,Pre
SO25090502,P96851,POD-251374,S50-EC953101-PU5,Nuvo-9531-PoE,5.0,2025/10/23,Nuvo-9531-PoE,Pre
SO25090502,P96851,POD-251374,S50-EC953100-PUA,i3-12100TE,5.0,2025/10/23,i3-12100TE,Pre
SO25090502,P96851,POD-251374,S50-EC953100-PUA,Nuvo-9531,5.0,2025/10/23,Nuvo-9531,Pre
SO25090503,P96852,POD-251375,S50-EC953101-PU5,i3-12100TE,5.0,2025/10/23,i3-12100TE,Pre
SO25090503,P96852,POD-251375,S50-EC953101-PU5,Nuvo-9531-PoE,5.0,2025/10/23,Nuvo-9531-PoE,Pre
SO25090503,P96852,POD-251375,S50-EC953100-PUA,i3-12100TE,5.0,2025/10/31,i3-12100TE,Pre
SO25090503,P96852,POD-251375,S50-EC953100-PUA,Nuvo-9531,5.0,2025/10/31,Nuvo-9531,Pre
SO25090504,P96860,POD-251376,S50-EC900633-PU6,i9-14900,4.0,2025/10/23,i9-14900,Pre
SO25090504,P96860,POD-251376,S50-EC900633-PU6,Nuvo-9006LP-PoE,4.0,2025/10/23,Nuvo-9006LP-PoE,Pre
SO25090508,NTA_MAPC_SO-20251367,POD-251378,S50-AW046500-027,DDR4-32GB-WT32-SM,7.0,,DDR4-32GB-WT32-SM,Pre
SO25090508,NTA_MAPC_SO-20251367,POD-251378,S50-AW046500-027,M.280-SSD-1TB-SATA-TLC5WT-TD,7.0,,M.280-SSD-1TB-SATA-TLC5WT-TD,Pre
SO25090508,NTA_MAPC_SO-20251367,POD-251378,S50-AW046500-027,POC-465AWP,7.0,,POC-465AWP,Pre
SO25090508,NTA_MAPC_SO-20251367,POD-251378,S50-AW046500-027,DDR4-32GB-WT32-SM,3.0,,DDR4-32GB-WT32-SM,Pre
SO25090508,NTA_MAPC_SO-20251367,POD-251378,S50-AW046500-027,M.280-SSD-1TB-SATA-TLC5WT-TD,3.0,,M.280-SSD-1TB-SATA-TLC5WT-TD,Pre
SO25090508,NTA_MAPC_SO-20251367,POD-251378,S50-AW046500-027,POC-465AWP,3.0,,POC-465AWP,Pre
SO25090509,NTA_MAPC_SO-20251368,POD-251379,S50-AW046500-027,DDR4-32GB-WT32-SM,30.0,,DDR4-32GB-WT32-SM,Pre
SO25090509,NTA_MAPC_SO-20251368,POD-251379,S50-AW046500-027,M.280-SSD-1TB-SATA-TLC5WT-TD,30.0,,M.280-SSD-1TB-SATA-TLC5WT-TD,Pre
SO25090509,NTA_MAPC_SO-20251368,POD-251379,S50-AW046500-027,POC-465AWP,30.0,,POC-465AWP,Pre
SO25090519,NTA_MONTERIS_SO-20251332,POD-251380,S60-GCA20800-059,GC-RTX2000Ada-Nvidia,4.0,,2x GC-RTX2000Ada-Nvidia,Pre
SO25090519,NTA_MONTERIS_SO-20251332,POD-251380,S60-GCA20800-059,Nuvo-10208GC,2.0,,Nuvo-10208GC,Pre
SO25090525,NTA_IRD_SO-20251381,POD-251385,S50-RU005202-PU3,GC-Jetson-NX16GB-Xavier-Nvidia,3.0,2025/10/22,GC-Jetson-NX16GB-Xavier-Nvidia,Pre
SO25090525,NTA_IRD_SO-20251381,POD-251385,S50-RU005202-PU3,NRU-52S-NX,3.0,2025/10/22,NRU-52S-NX,Pre
SO25100010,P96869,POD-251386,S50-RU022200-PU5,GC-Jetson-AGX32GB-Orin-Nvidia-JetPack-6.0,11.0,2025/10/23,GC-Jetson-AGX32GB-Orin-Nvidia-JetPack-6.0,Pre
SO25100010,P96869,POD-251386,S50-RU022200-PU5,NRU-222S,11.0,2025/10/23,NRU-222S,Pre
SO25100011,P96870,POD-251387,S50-GCA10800-PU6,i9-13900E,4.0,2025/10/23,i9-13900E,Pre
SO25100011,P96870,POD-251387,S50-GCA10800-PU6,Nuvo-10108GC,4.0,2025/10/23,Nuvo-10108GC,Pre
SO25100012,P96876,POD-251392,S50-VT920401-PU3,i9-13900E,3.0,2025/10/23,i9-13900E,Pre
SO25100012,P96876,POD-251392,S50-VT920401-PU3,Nuvo-9204VTC,3.0,2025/10/23,Nuvo-9204VTC,Pre
SO25100015,NTA_SCOUT AI_SO-20251385,POD-251395,S50-RU023000-105,GC-Jetson-AGX64GB-Orin-Nvidia,8.0,2025/10/22,GC-Jetson-AGX64GB-Orin-Nvidia-JetPack-6.0,Pre
SO25100015,NTA_SCOUT AI_SO-20251385,POD-251395,S50-RU023000-105,M.280-SSD-2TB-PCIe44-TLC5WT-TD,8.0,2025/10/22,M.280-SSD-2TB-PCIe44-TLC5WT-TD,Pre
SO25100015,NTA_SCOUT AI_SO-20251385,POD-251395,S50-RU023000-105,NRU-230V-AWP,8.0,2025/10/22,NRU-230V-AWP,Pre
SO25100016,NTA_NAVICO_SO-20251390,POD-251396,S51-SL1748B1-003,E-2278GE,1.0,,E-2278GE,Pre
SO25100016,NTA_NAVICO_SO-20251390,POD-251396,S51-SL1748B1-003,DDR4-32GB-ECC26WT-DL,1.0,,DDR4-32GB-ECC26WT-DL,Pre
SO25100016,NTA_NAVICO_SO-20251390,POD-251396,S51-SL1748B1-003,M.280-SSD-2TB-PCIe44-TLC5ET-TD,1.0,,M.280-SSD-2TB-PCIe44-TLC5ET-TD,Pre
SO25100016,NTA_NAVICO_SO-20251390,POD-251396,S51-SL1748B1-003,Cbl-W20F-M12A10F-40CM-IK-COM,1.0,,Cbl-W20F-M12A10F-40CM-IK-COM,Pre
SO25100016,NTA_NAVICO_SO-20251390,POD-251396,S51-SL1748B1-003,mPCIe-CAN-IPEH-4047,1.0,,mPCIe-CAN-IPEH-4047,Pre
SO25100016,NTA_NAVICO_SO-20251390,POD-251396,S51-SL1748B1-003,mPCIe-COM-2RS232-X203,1.0,,mPCIe-COM-2RS232-X203,Pre
SO25100016,NTA_NAVICO_SO-20251390,POD-251396,S51-SL1748B1-003,Cbl-W5M-M12A5M-40CM-PK-CANFD-TP,4.0,,4x Cbl-W5M-M12A5M-40CM-PK-CANFD-TP,Pre
SO25100016,NTA_NAVICO_SO-20251390,POD-251396,S51-SL1748B1-003,DtC-M12-WP,1.0,,DtC-M12-WP,Pre
SO25100016,NTA_NAVICO_SO-20251390,POD-251396,S51-SL1748B1-003,DtC-M12M-WP,4.0,,4x DtC-M12M-WP,Pre
SO25100016,NTA_NAVICO_SO-20251390,POD-251396,S51-SL1748B1-003,SEMIL-1748GC-10G-L4-BSK,1.0,,SEMIL-1748GC-10G-L4-BSK,Pre
SO25100017,NTA_PAR SYSTEMS,POD-251407,S60-GC716201-002,GC-P2200-Leadtek,1.0,2025/10/22,GC-P2200-Leadtek,Pre
SO25100017,NTA_PAR SYSTEMS,POD-251407,S60-GC716201-002,Nuvo-7162GC-PoE,1.0,2025/10/22,Nuvo-7162GC-PoE,Pre
SO25100058,NTA_INVENTORY_IRD,POD-251418,S50-RU012000-034,GC-Jetson-AGX-Xavier-Nvidia_BSP,3.0,,GC-Jetson-AGX-Xavier-Nvidia_BSP,Pre
SO25100058,NTA_INVENTORY_IRD,POD-251418,S50-RU012000-034,NRU-120S,3.0,,NRU-120S,Pre
SO25100071,P96902,POD-251414,S50-EC953103-PU7,i9-12900E,2.0,,i9-12900E,Pre
SO25100071,P96902,POD-251414,S50-EC953103-PU7,Nuvo-9531-PoE-IGN,2.0,,Nuvo-9531-PoE-IGN,Pre
SO25100074,NTA_ANIXTER_SO-20251412,POD-251427,S50-SL170800-043,E-2278GE,2.0,,E-2278GE,Pre
SO25100074,NTA_ANIXTER_SO-20251412,POD-251427,S50-SL170800-043,DDR4-32GB-WT32-SM,4.0,,2x DDR4-32GB-WT32-SM,Pre
SO25100074,NTA_ANIXTER_SO-20251412,POD-251427,S50-SL170800-043,SSD-1TB-TLC5WT-TD,2.0,,SSD-1TB-TLC5WT-TD,Pre
SO25100074,NTA_ANIXTER_SO-20251412,POD-251427,S50-SL170800-043,SEMIL-1708,2.0,,SEMIL-1708,Pre
SO25100096,P96904,POD-251415,S50-EC500630-PUB,i7-6700,1.0,,i7-6700,Pre
SO25100096,P96904,POD-251415,S50-EC500630-PUB,Nuvo-5006LP,1.0,,Nuvo-5006LP,Pre
SO25100096,P96904,POD-251415,S60-XC803400-027,i7-9700E,3.0,,i7-9700E,Pre
SO25100096,P96904,POD-251415,S60-XC803400-027,Cbl-W6F-W6F-16CM1,3.0,,Cbl-W6F-W6F-16CM1,Pre
SO25100096,P96904,POD-251415,S60-XC803400-027,Cbl-W6F-W8F-16CM1,3.0,,Cbl-W6F-W8F-16CM1,Pre
SO25100096,P96904,POD-251415,S60-XC803400-027,Nuvo-8034,3.0,,Nuvo-8034,Pre
LO25080011,,For NTA_CoastIPC,950-RS880500-A13,RGS-8805GC,1.0,2025/9/10,"Rugged and Compact AMD EPYC 7003/7002 ""MILAN/ROME"" Server Supporting RTX A5000/A6000 GPU, Two x16 PCIe Slots,  10G/1G Ethernet and 8~48V DC Input",Bare
SO25050035,NTA_FIREFLY_SO-20250640,POD-250648,395-M1342189-004,Cbl-M12S4F-OW4-180CM1,10.0,2025/11/19,"Cable 180cm, M12 S-Code Female 4P to Open Wire 4P, 亞佳",Bare
SO25050036,NTA_FIREFLY_SO-20250641,POD-250649,395-M1342189-004,Cbl-M12S4F-OW4-180CM1,10.0,2025/12/17,"Cable 180cm, M12 S-Code Female 4P to Open Wire 4P, 亞佳",Bare
SO25050037,NTA_FIREFLY_SO-20250642,POD-250650,395-M1342189-004,Cbl-M12S4F-OW4-180CM1,10.0,2026/1/14,"Cable 180cm, M12 S-Code Female 4P to Open Wire 4P, 亞佳",Bare
SO25070419,NTA_AEI_(4-3),POD-251059,393-D1131150-134,Cbl-DB9F-3DB9M-15CM2,25.0,2026/1/7,"1x DB9 (Female) to 3x DB9 (Male), for Nuvo-6000 series, Length: 15CM",Bare
SO25070420,NTA_AEI_(4-4),POD-251060,393-D1131150-134,Cbl-DB9F-3DB9M-15CM2,25.0,2026/2/4,"1x DB9 (Female) to 3x DB9 (Male), for Nuvo-6000 series, Length: 15CM",Bare
SO25070448,P96577,POD-251047,95D-VT0551GL-011,POC-551VTC-GLE150-FP,24.0,2025/11/21,"AMD Ryzen™ V1000 Ultra-compact In-vehicle Controller with PoE+, DIO and Isolated CAN bus.",Bare
SO25070448,P96577,POD-251047,93S-AB000105-000,AccsyBx-6AntiVG-POC-551VTC,24.0,2025/11/21,"Accessory box kit including Anti-Vibrate Grommet*6,Screw*6 and pizza box for POC-551VTC",Bare
SO25070449,P96577,POD-251048,95D-VT0551GL-011,POC-551VTC-GLE150-FP,29.0,2025/12/19,"AMD Ryzen™ V1000 Ultra-compact In-vehicle Controller with PoE+, DIO and Isolated CAN bus.",Bare
SO25070449,P96577,POD-251048,93S-AB000105-000,AccsyBx-6AntiVG-POC-551VTC,29.0,2025/12/19,"Accessory box kit including Anti-Vibrate Grommet*6,Screw*6 and pizza box for POC-551VTC",Bare
SO25070496,NTA_COGNEX_SO-20251044,POD-251062,906-TB001000-A10,TB-10,5.0,2025/12/24,Terminal board with 68-pin SCSI-II female connector and 68-pole terminal block,Bare
SO25070496,NTA_COGNEX_SO-20251044,POD-251062,393-D5502100-032,Cbl-S68M-S68M-100CM,5.0,2025/12/24,"SCSI-68 (Male) to SCSI-68M (Male) cable, for MezIO DIO card and TB-10, Length: 100CM",Bare
SO25070534,NTA_RHEINMETALL CANADA_SO-20251053,POD-251094,930-CK000011-000,Cblkit-NRU-162S-AWP,1.0,2025/10/8,"NRU-162S-AWP cable kit, including 5xCbl-M12X8M-RJ45F-100CM, 1xCbl-M12A8M-2U2TA-180CM1, 1xCbl-M12A8M-2DB9M_OW2-180CM1, 1xCbl-M12A17M-VGA-180CM2",Bare
SO25080092,NTA_APPLIED INTUITION_SO-20251113_1,POD-251122,93S-CK000022-000,Cblkit-FP-NRU-230V-AWP_NRU-240S,10.0,2025/10/8,"NRU-230V-AWP or NRU-240S-AWP front panel cable kit, including: 1x Cbl-TpCPlug-UTpCF-50CM, 1x Cbl-M12A8M-2U2TA-180CM1, 3x Cbl-M12A8M-2DB9M_OW2-180CM, 5x Cbl-M12X8M-RJ45F-100CM",Bare
SO25080092,NTA_APPLIED INTUITION_SO-20251113_1,POD-251122,93S-CK000023-000,Cblkit-BP-NRU-230V-AWP,10.0,2025/10/8,"NRU-230V-AWP back panel cable kit, including 8x Cbl-FAKRA-ZFM-ZFM-12M",Bare
SO25080093,NTA_APPLIED INTUITION_SO-20251113_2,POD-251123,93S-CK000022-000,Cblkit-FP-NRU-230V-AWP_NRU-240S,15.0,2025/10/16,"NRU-230V-AWP or NRU-240S-AWP front panel cable kit, including: 1x Cbl-TpCPlug-UTpCF-50CM, 1x Cbl-M12A8M-2U2TA-180CM1, 3x Cbl-M12A8M-2DB9M_OW2-180CM, 5x Cbl-M12X8M-RJ45F-100CM",Bare
SO25080093,NTA_APPLIED INTUITION_SO-20251113_2,POD-251123,93S-CK000023-000,Cblkit-BP-NRU-230V-AWP,15.0,2025/10/16,"NRU-230V-AWP back panel cable kit, including 8x Cbl-FAKRA-ZFM-ZFM-12M",Bare
SO25080109,NTA_NASA_SO-20251111,POD-251129,93S-CK000022-000,Cblkit-FP-NRU-230V-AWP_NRU-240S,1.0,2025/10/8,"NRU-230V-AWP or NRU-240S-AWP front panel cable kit, including: 1x Cbl-TpCPlug-UTpCF-50CM, 1x Cbl-M12A8M-2U2TA-180CM1, 3x Cbl-M12A8M-2DB9M_OW2-180CM, 5x Cbl-M12X8M-RJ45F-100CM",Bare
SO25080148,NTA_SANCTUARY COGNITIVE_SO-20251126,POD-251139,93S-CK000022-000,Cblkit-FP-NRU-230V-AWP_NRU-240S,2.0,2025/10/8,"NRU-230V-AWP or NRU-240S-AWP front panel cable kit, including: 1x Cbl-TpCPlug-UTpCF-50CM, 1x Cbl-M12A8M-2U2TA-180CM1, 3x Cbl-M12A8M-2DB9M_OW2-180CM, 5x Cbl-M12X8M-RJ45F-100CM",Bare
SO25080148,NTA_SANCTUARY COGNITIVE_SO-20251126,POD-251139,93S-CK000023-000,Cblkit-BP-NRU-230V-AWP,2.0,2025/10/8,"NRU-230V-AWP back panel cable kit, including 8x Cbl-FAKRA-ZFM-ZFM-12M",Bare
SO25080222,NTA_NEAR EARTH_SO-20251145,POD-251157,930-CK000006-000,Cblkit-M12-SEMIL2000,1.0,2025/10/8,"SEMIL-2000 series M12 cable kit, including 7xCbl-M12X8M-RJ45-500CM, 1xCbl-M12A8M-2U2TA-180CM1, 2xCbl-M12A8M-2DB9M_OW2-180CM1, 1xCbl-M12A8M-2DB9M-180CM, 1xCable M12 L-Code 5P FML to Cord End Terminal 5P 180cm",Bare
SO25080222,NTA_NEAR EARTH_SO-20251145,POD-251157,600-39500012-000,Cbl-M12A8M-DB9M-180CM,2.0,2025/10/8,"M12 A-Code 8P (male) to DB9 (male), Length: 180CM",Bare
SO25080222,NTA_NEAR EARTH_SO-20251145,POD-251157,39D-395M2184-004,Cbl-M12A8M-DB9F-180CM,1.0,2025/10/8,"M12 A-Code 8P (male) to DB9 (Female), Length: 180CM",Bare
SO25080244,NTA_DEXTERITY_PO_5382,POD-251164,398-A5231196-073,Ant-RP_SMAM-WiFi-196MM1,2.0,2025/10/16,"WiFi Antenna, Swivel type, Frequency: 2.4/5.8 GHz, VSWR: 2.5 : 1 Max, with RP SMA (Male), Length: 196MM",Bare
SO25080256,NTA_INVENTORY,POD-251172,140-A00978GE-121,E-2278GE,5.0,2025/10/16,"Intel® Xeon E-2278GE Processor (16M Cache, up to 4.70 GHz), TDP:80W CPU, installation and burn in test included",Bare
SO25080290,NTA_UBER_SO-20251175,POD-251180,398-A5231196-073,Ant-RP_SMAM-WiFi-196MM1,40.0,2025/10/8,"WiFi Antenna, Swivel type, Frequency: 2.4/5.8 GHz, VSWR: 2.5 : 1 Max, with RP SMA (Male), Length: 196MM",Bare
SO25080290,NTA_UBER_SO-20251175,POD-251180,398-A2161163-091,Ant-SMAM-LTE,40.0,2025/10/8,"LTE Antenna, Frequency: 698-960, 1710-2170, 2300-2700MHz, VSWR: 4.0 : 1 Max, Polarization: Linear, Vertical, with SMA(Male)",Bare
SO25080290,NTA_UBER_SO-20251175,POD-251180,39D-M1152100-004,Cbl-M12A5F-OT2-B-Red-Fuse-100CM,20.0,2025/10/8,"M12(5-pole-A-code Female) to 2P O terminal, w/FUSE, Length:100CM",Bare
SO25080291,NTA_UBER_SO-20251176,POD-251181,398-A5231196-073,Ant-RP_SMAM-WiFi-196MM1,40.0,2025/10/16,"WiFi Antenna, Swivel type, Frequency: 2.4/5.8 GHz, VSWR: 2.5 : 1 Max, with RP SMA (Male), Length: 196MM",Bare
SO25080291,NTA_UBER_SO-20251176,POD-251181,398-A2161163-091,Ant-SMAM-LTE,40.0,2025/10/16,"LTE Antenna, Frequency: 698-960, 1710-2170, 2300-2700MHz, VSWR: 4.0 : 1 Max, Polarization: Linear, Vertical, with SMA(Male)",Bare
SO25080291,NTA_UBER_SO-20251176,POD-251181,39D-M1152100-004,Cbl-M12A5F-OT2-B-Red-Fuse-100CM,20.0,2025/10/16,"M12(5-pole-A-code Female) to 2P O terminal, w/FUSE, Length:100CM",Bare
SO25080292,NTA_UBER_SO-20251177,POD-251182,398-A5231196-073,Ant-RP_SMAM-WiFi-196MM1,40.0,2025/10/16,"WiFi Antenna, Swivel type, Frequency: 2.4/5.8 GHz, VSWR: 2.5 : 1 Max, with RP SMA (Male), Length: 196MM",Bare
SO25080292,NTA_UBER_SO-20251177,POD-251182,398-A2161163-091,Ant-SMAM-LTE,40.0,2025/10/16,"LTE Antenna, Frequency: 698-960, 1710-2170, 2300-2700MHz, VSWR: 4.0 : 1 Max, Polarization: Linear, Vertical, with SMA(Male)",Bare
SO25080292,NTA_UBER_SO-20251177,POD-251182,39D-M1152100-004,Cbl-M12A5F-OT2-B-Red-Fuse-100CM,19.0,2025/10/16,"M12(5-pole-A-code Female) to 2P O terminal, w/FUSE, Length:100CM",Bare
SO25080292,NTA_UBER_SO-20251177,POD-251182,39D-M1152100-004,Cbl-M12A5F-OT2-B-Red-Fuse-100CM,1.0,2025/10/29,"M12(5-pole-A-code Female) to 2P O terminal, w/FUSE, Length:100CM",Bare
SO25080293,NTA_UBER_SO-20251178,POD-251183,398-A5231196-073,Ant-RP_SMAM-WiFi-196MM1,50.0,2025/11/5,"WiFi Antenna, Swivel type, Frequency: 2.4/5.8 GHz, VSWR: 2.5 : 1 Max, with RP SMA (Male), Length: 196MM",Bare
SO25080293,NTA_UBER_SO-20251178,POD-251183,398-A2161163-091,Ant-SMAM-LTE,50.0,2025/11/5,"LTE Antenna, Frequency: 698-960, 1710-2170, 2300-2700MHz, VSWR: 4.0 : 1 Max, Polarization: Linear, Vertical, with SMA(Male)",Bare
SO25080293,NTA_UBER_SO-20251178,POD-251183,39D-M1152100-004,Cbl-M12A5F-OT2-B-Red-Fuse-100CM,25.0,2025/11/5,"M12(5-pole-A-code Female) to 2P O terminal, w/FUSE, Length:100CM",Bare
SO25080294,NTA_UBER_SO-20251179,POD-251184,398-A5231196-073,Ant-RP_SMAM-WiFi-196MM1,40.0,2025/11/5,"WiFi Antenna, Swivel type, Frequency: 2.4/5.8 GHz, VSWR: 2.5 : 1 Max, with RP SMA (Male), Length: 196MM",Bare
SO25080294,NTA_UBER_SO-20251179,POD-251184,398-A2161163-091,Ant-SMAM-LTE,40.0,2025/11/5,"LTE Antenna, Frequency: 698-960, 1710-2170, 2300-2700MHz, VSWR: 4.0 : 1 Max, Polarization: Linear, Vertical, with SMA(Male)",Bare
SO25080294,NTA_UBER_SO-20251179,POD-251184,39D-M1152100-004,Cbl-M12A5F-OT2-B-Red-Fuse-100CM,20.0,2025/11/5,"M12(5-pole-A-code Female) to 2P O terminal, w/FUSE, Length:100CM",Bare
SO25080339,NTA_NEAR EARTH_SO-20251174,POD-251191,930-CK000006-000,Cblkit-M12-SEMIL2000,2.0,2025/10/8,"SEMIL-2000 series M12 cable kit, including 7xCbl-M12X8M-RJ45-500CM, 1xCbl-M12A8M-2U2TA-180CM1, 2xCbl-M12A8M-2DB9M_OW2-180CM1, 1xCbl-M12A8M-2DB9M-180CM, 1xCable M12 L-Code 5P FML to Cord End Terminal 5P 180cm",Bare
SO25080339,NTA_NEAR EARTH_SO-20251174,POD-251191,600-39500012-000,Cbl-M12A8M-DB9M-180CM,4.0,2025/10/8,"M12 A-Code 8P (male) to DB9 (male), Length: 180CM",Bare
SO25080339,NTA_NEAR EARTH_SO-20251174,POD-251191,39D-395M2184-004,Cbl-M12A8M-DB9F-180CM,2.0,2025/10/29,"M12 A-Code 8P (male) to DB9 (Female), Length: 180CM",Bare
SO25080394,NTA_NEYA_SO_20251194,POD-251205,930-CK000006-000,Cblkit-M12-SEMIL2000,1.0,2025/10/22,"SEMIL-2000 series M12 cable kit, including 7xCbl-M12X8M-RJ45-500CM, 1xCbl-M12A8M-2U2TA-180CM1, 2xCbl-M12A8M-2DB9M_OW2-180CM1, 1xCbl-M12A8M-2DB9M-180CM, 1xCable M12 L-Code 5P FML to Cord End Terminal 5P 180cm",Bare
SO25080413,PO05019,POD-251211,930-DM000003-000,DINRAIL-31,50.0,2025/10/8,DIN-Rail mounting assembly for Nuvo-3100/3120/5501 series,Bare
SO25080413,PO05019,POD-251211,930-DM000001-000,DINRAIL-O,20.0,2025/10/8,DIN-Rail mounting assembly for Nuvo-1000/3000/5000/7000/9000/11000 series,Bare
SO25080415,NTA_FEV_SO-20251196,POD-251215,93S-CK000023-000,Cblkit-BP-NRU-230V-AWP,1.0,2025/10/8,"NRU-230V-AWP back panel cable kit, including 8x Cbl-FAKRA-ZFM-ZFM-12M",Bare
SO25080417,NTA_ADV. CONSTRUCTION_SO-20251205,POD-251217,600-50700038-000,mSATA-512GB-TLCWT-IK,6.0,2025/10/8,"mSATA TLC 512GB SSD, -40 ~ 85°C",Bare
SO25080422,NTA_INVENTORY,POD-251212,505-D1115132-023,DDR5-8GB-56WT-SM,10.0,2025/11/19,DDR5-5600 1.1V 8GB SO-DIMM -40~+85°C-WT,Bare
SO25080458,P96730,POD-251219,950-UC051500-A26,POC-515,5.0,2025/10/9,"AMD Ryzen™ embedded V1605B ultra-compact embedded controller with  4x PoE+ ports, 4x USB 3.0 ports and MezIO™ interface.",Bare
SO25080458,P96730,POD-251219,906-PB925000-A18,PB-9250J-SA,9.0,2025/10/9,Intelligent ultracapacitor-based power backup standalone module with 9250 watt-second energy capacity,Bare
SO25080462,PO05025,POD-251221,950-EC950100-A24,Nuvo-9501,42.0,2025/10/8,Intel® Alder Lake 12th-Gen Core™compact fanless computer with 2x GbE and 4x USB3.2.,Bare
SO25080462,PO05025,POD-251221,510-A1160202-181,PA-160W-OW,42.0,2025/10/8,"160W AC-DC power Adapter, 20V 8A,  90~264VAC 127~370VDC, Open-Wire Terminal,30~+70°C, Non-CCC",Bare
SO25080462,PO05025,POD-251221,930-WM000009-000,Wmkit-H-Nuvo9501,42.0,2025/10/8,"Wall mounting assembly for Nuvo-9501, horizontal type",Bare
SO25080463,P96733,POD-251222,950-VT035100-A38,POC-351VTC,5.0,2025/10/9,"Intel® Apollo Lake Atom™ E3950 ultra-compact in-vehicle controller with 1x GbE, 2x PoE+ and Isolated CAN.",Bare
SO25080471,NTA_INVENTORY,POD-251224,950-ECB00600-A10,Nuvo-11006E-PoE,4.0,2025/12/10,"Intel® Core™ Ultra 200 Series Rugged Embedded Computer with 6x 2.5GbE/GbE, USB 3.2, single-slot PCIe Cassette & MezIO® Interface, option of 802.3at PoE+ PSE for 2.5GbE port 3 ~ port 6.",Bare
SO25080471,NTA_INVENTORY,POD-251224,950-ECB00601-A10,Nuvo-11006E,4.0,2025/12/10,"Intel® Core™ Ultra 200 Series Rugged Embedded Computer with 6x 2.5GbE/GbE, USB 3.2, single-slot PCIe Cassette & MezIO® Interface",Bare
SO25080471,NTA_INVENTORY,POD-251224,950-ECB00602-A10,Nuvo-11006E-PoE-10G,4.0,2025/12/10,"Intel® Core™ Ultra 200 Series Rugged Embedded Computer with 10GbE, 6x 2.5GbE/GbE, USB 3.2, single-slot PCIe Cassette & MezIO® Interface, option of 802.3at PoE+ PSE for 2.5GbE port 3 ~ port 6.",Bare
SO25080471,NTA_INVENTORY,POD-251224,950-ECB00610-A10,Nuvo-11006LP,4.0,2025/12/10,"Intel® Core™ Ultra 200 Series Rugged Embedded Computer with 6x 2.5GbE/GbE, USB 3.2, MezIO™ Interface & 2.5” HDD tray",Bare
SO25080471,NTA_INVENTORY,POD-251224,950-ECB00611-A10,Nuvo-11006LP-PoE,4.0,2025/12/10,"Intel® Core™ Ultra 200 Series Rugged Embedded Computer with 6x 2.5GbE/GbE, USB 3.2, MezIO™ Interface & 2.5” HDD tray,  option of 802.3at PoE+ PSE for 2.5GbE port 3 ~ port 6.",Bare
SO25080471,NTA_INVENTORY,POD-251224,950-ECB00612-A10,Nuvo-11006LP-PoE-10G,4.0,2025/12/10,"Intel® Core™ Ultra 200 Series Rugged Embedded Computer with 10GbE, 6x 2.5GbE/GbE, USB 3.2, MezIO™ Interface & 2.5” HDD tray,  option of 802.3at PoE+ PSE for 2.5GbE port 3 ~ port 6.",Bare
SO25080471,NTA_INVENTORY,POD-251224,950-ECB53100-A10,Nuvo-11531,4.0,2025/12/10,"Intel® Core™ Ultra 200 Series Compact Fanless Computer with 4x 2.5GbE, 4x USB3.2",Bare
SO25080471,NTA_INVENTORY,POD-251224,950-ECB53101-A10,Nuvo-11531-PoE,4.0,2025/12/10,"Intel® Core™ Ultra 200 Series Compact Fanless Computer with 4x PoE+ 2.5GbE, 4x USB3.2",Bare
SO25080476,NTA_DATA SPEED_SO-20251220,POD-251237,950-GC810802-A14,Nuvo-8108GC-QD-A6,8.0,2025/10/8,"Industrial-grade edge AI platform supporting NVIDIA® Quadro RTX 4000, RTX A4000 and RTX A5000  GPU Card, Intel® Xeon® E and 9th/ 8th-Gen Core™ processor with 8~48V wide-range DC input.",Bare
SO25080478,NTA_SCOUT AI_SO-20251222,POD-251238,930-AC000003-000,AC-IMX390-H190,12.0,2025/10/8,Sony IMX390 CMOS sensor camera; 1920x1080 @30fps; LFM; HFOV 186°; IP67+IP69K; -40°C to 85°C operating temperature; male FAKRA connector; active alignment; without lens cap,Bare
SO25080478,NTA_SCOUT AI_SO-20251222,POD-251238,930-AC000014-000,AC-IMX490-H60,1.0,2025/10/8,Sony IMX490 CMOS sensor camera; 2880x1860 @30fps; LFM; HFOV 62.5°; IP67+IP69K; -40°C to 85°C operating temperature; male FAKRA connector; active alignment; without lens cap,Bare
SO25080478,NTA_SCOUT AI_SO-20251222,POD-251238,930-AC000015-000,AC-IMX490-H120,1.0,2025/10/8,Sony IMX490 CMOS sensor camera; 2880x1860 @30fps; LFM; HFOV 120°; IP67+IP69K; -40°C to 85°C operating temperature; male FAKRA connector; active alignment; without lens cap,Bare
SO25080505,NTA_INVENTORY,POD-251244,501-W1336218-077,mPCIeHS-BTWifi-WT-6218,3.0,2025/10/29,"802.11ac/a/b/g/n, 2T2R WiFi + BT4.2 half size mini-PCIe module, -40 ~ 85°C",Bare
SO25080505,NTA_INVENTORY,POD-251244,501-W1336218-077,mPCIeHS-BTWifi-WT-6218,2.0,2025/12/24,"802.11ac/a/b/g/n, 2T2R WiFi + BT4.2 half size mini-PCIe module, -40 ~ 85°C",Bare
SO25090001,NTA_TIMKEN_SO-20251227,POD-251246,950-MV730600-020,Nuvis-7306RT-DTIO(EA),1.0,2025/10/8,"Intel® 8th/ 9th-Gen Core™ i  machine vision controller with vision-specific I/O, real-time controler by patented DTIO V2 and GPU-computing.",Bare
SO25090002,NTA_CYNGN_SO-20251229,POD-251247,950-GC916003-A20,Nuvo-9160GC-PoE,6.0,2025/10/8,"Ruggedized GPU-Computing Platform Supporting 130W nVidia® GPU and Intel® 12th-Gen Core™ Processor, with IEEE 802.3at PoE+ (I226-IT)",Bare
SO25090003,NTA_INVENTORY,POD-251248,93S-GB000001-000,Gpubr-Nuvo9160-01,5.0,2025/10/8,"Nuvo-9160GC GPU bracket kit for RTX A2000, RTX 2000 Ada, and RTX 4000 SFF Ada",Bare
SO25090003,NTA_INVENTORY,POD-251248,950-EC900693-A11,Nuvo-9006DE-PoE-UL,5.0,2025/10/8,"Intel® 14th/ 13th/12th -Gen Core™ Rugged Embedded Computer with 6x 2.5GbE (I226-IT)/ GbE, USB 3.2 Type-C, dual-slot PCIe Cassette & MezIO® Interface & UL certified, option of 802.3at PoE+ PSE for 2.5GbE port 3 ~ port 6.",Bare
SO25090021,NTA_US ARMY_SO-20251236,POD-251251,391-U4301500-035,Cbl-TpCPlug-U3TA-50CM,2.0,2025/10/8,"TypeC Male Plug to USB3.0 Type-A FML, Length: 50CM",Bare
SO25090021,NTA_US ARMY_SO-20251236,POD-251251,395-M1282500-004,Cbl-M12X8M-RJ45-CAT6A-500CM,8.0,2025/10/8,"M12( 8-pole-X-coded) to RJ45, CAT6A, Length : 500CM",Bare
SO25090021,NTA_US ARMY_SO-20251236,POD-251251,395-M1452189-004,Cbl-M12L5F-CordEnd5-180CM,4.0,2025/10/8,"M12 L-Code 5P(FML) to Cord End Terminal 5P, Length: 1.8M",Bare
SO25090021,NTA_US ARMY_SO-20251236,POD-251251,395-M1182181-104,Cbl-M12A8M-2U2TA-180CM2,4.0,2025/10/8,"Waterproof M12 (8-pole-A-coded) w/ copper shielding  to 2xUSB 2.0 type A (female), Length: 180CM",Bare
SO25090067,P96747,POD-251252,950-UC054500-A27,POC-545,10.0,2025/10/9,"AMD Ryzen™ embedded V1807B ultra-compact embedded controller with  4x PoE+ ports, 4x USB 3.0 ports and MezIO™ interface.",Bare
SO25090069,PO05041,POD-251254,950-EC900633-A21,Nuvo-9006LP-PoE,5.0,2025/10/8,"Intel® 14th/ 13th/12th -Gen Core™ Rugged Embedded Computer with 6x 2.5GbE (I226-IT)/ GbE, USB 3.2 Type-C, MezIO® Interface & 2.5” HDD tray, with optional IEEE 802.3at PoE+.",Bare
SO25090072,NTA_INVENTORY_VELASEA,POD-251255,950-EC900232-A21,Nuvo-9002LP,4.0,2025/10/16,"Intel® 14th/ 13th/12th -Gen Core™ Rugged Embedded Computer with 2x 2.5GbE (I226-IT)/ GbE, USB 3.2 Type-C, MezIO® Interface & 2.5” HDD tray",Bare
SO25090115,NTA_HONEYWELL_SO-20251228,POD-251229,395-M1282500-004,Cbl-M12X8M-RJ45-CAT6A-500CM,24.0,2026/4/1,"M12( 8-pole-X-coded) to RJ45, CAT6A, Length : 500CM",Bare
SO25090115,NTA_HONEYWELL_SO-20251228,POD-251229,395-M1182181-104,Cbl-M12A8M-2U2TA-180CM2,6.0,2026/4/1,"Waterproof M12 (8-pole-A-coded) w/ copper shielding  to 2xUSB 2.0 type A (female), Length: 180CM",Bare
SO25090115,NTA_HONEYWELL_SO-20251228,POD-251229,395-M11H2183-204,Cbl-M12A17M-VGA-180CM3,3.0,2026/4/1,"M12 (17-pole-A-coded-S) to VGA (male), Length : 180CM",Bare
SO25090115,NTA_HONEYWELL_SO-20251228,POD-251229,395-M118218A-104,Cbl-M12A8M-2DB9M_OW2-180CM1,3.0,,"Cable 180cm, Waterproof M12 A-Code Male 8P to x2 DB9 Male+2P, 亞佳",Bare
SO25090115,NTA_HONEYWELL_SO-20251228,POD-251229,395-M2342189-004,Cbl-M12S4F-CordEnd4-180CM,3.0,2026/4/1,"M12 S-Code Female 4P to Cord End Terminal 4P, Length:180cm",Bare
SO25090115,NTA_HONEYWELL_SO-20251228,POD-251229,93S-PA000013-000,PA-280W-CW6P-2P-1,3.0,2026/4/1,"280W AC/DC power adapter(GST280A24-C6P) 24V 11.67A, 85~264VAC 120~370VDC, w/ Wafer FML6P to End Terminal 2P cable, 300V, 22AWG with power cord for NTA.",Bare
SO25090115,NTA_HONEYWELL_SO-20251228,POD-251229,505-C1156663-022,DDR4-32GB-ECC32WT-IK,2.0,2026/4/1,"DDR4-3200 1.2V 32GB ECC SO-DIMM, -40~+85°C",Bare
SO25090115,NTA_HONEYWELL_SO-20251228,POD-251229,505-C1156663-043,DDR4-32GB-ECC32WT-SM,2.0,2026/4/1,"DDR4-3200 1.2V 32GB ECC SO-DIMM, -40~+95°C",Bare
SO25090115,NTA_HONEYWELL_SO-20251228,POD-251229,505-C1156663-044,DDR4-32GB-ECC32WT-TD,2.0,2026/4/1,"DDR4-3200 1.2V 32GB ECC SO-DIMM, -40~+95°C",Bare
SO25090115,NTA_HONEYWELL_SO-20251228,POD-251229,505-C1156661-055,DDR4-32GB-ECC32WT-SP,2.0,2026/4/1,"DDR4-3200 1.2V 32GB ECC SO-DIMM, -40~+105°C",Bare
SO25090135,NTA_SEAFLOOR_SO-20251253,POD-251275,950-EC953101-A26,Nuvo-9531-PoE,8.0,2025/10/8,"Intel® Alder Lake 12th-Gen Core™ compact fanless computer with 4x PoE+ , 4x USB3.2 and 1x hot-swappable HDD tray.",Bare
SO25090135,NTA_SEAFLOOR_SO-20251253,POD-251275,507-N2551243-012,M.280-SSD-512GB-PCIe44-TLC5-PN,2.0,2025/10/16,"M.2 SSD 512GB, Key M 2280, TLC, NVMe PCIe Gen 4x4, 0°C~+70°C, Phison.",Bare
SO25090136,NTA_INVENTORY,POD-251276,950-GCA10801-A30,Nuvo-10108GC-10G,2.0,2025/10/16,"Industrial-grade GPU Computing Edge AI Platform Supporting an NVIDIA® RTX 40 Series Graphics Card, Intel® 14th/13th/12th-Gen Core™ Processor, with 10GbE option",Bare
SO25090138,NTA_INFLEXION POINT_SO-20251260,POD-251278,930-DM000001-000,DINRAIL-O,20.0,2025/10/16,DIN-Rail mounting assembly for Nuvo-1000/3000/5000/7000/9000/11000 series,Bare
SO25090139,NTA_IRD_SO-20251262,POD-251279,930-FN000005-000,AccsyBx-FAN-NRU-100,8.0,2025/10/8,"Fan kit for NRU-110V, NRU-120S, NRU-220S. It includes fan, fan frame, fan filter, fan cable cover, screws.",Bare
SO25090143,NTA_INVENTORY,POD-251273,140-A009970E-121,i7-9700E,10.0,2025/10/8,"Intel® Core™ i7-9700E Processor (12M Cache, up to 4.40 GHz), TDP:65W CPU, installation and burn in test included",Bare
SO25090144,NTA_MAS LIGHTNING_SO-20251254,POD-251274,950-UC071201-A11,POC-712-UL,5.0,2025/10/8,"Intel Atom x7425E Ultra-Compact Embedded Controller with 4x GbE, 4x USB 3.2 and MezIO Interface.",Bare
SO25090144,NTA_MAS LIGHTNING_SO-20251254,POD-251274,930-WM000004-000,Wmkit-H-POC500,10.0,2025/10/8,"Wall mounting assembly for POC-500, POC-700 series, horizontal type",Bare
SO25090157,NTA_THE ALLIANCE_SO-20251265,POD-251287,950-UC040000-A28,POC-400,1.0,2025/10/16,"Intel® ElkhartLake ultra-compact embedded controller with 1x 2.5GbE port, 2x PoE+ ports, 2x USB 3.0 ports and MezIO interface.",Bare
SO25090157,NTA_THE ALLIANCE_SO-20251265,POD-251287,930-WM000002-000,Wmkit-H-POC300_400,1.0,2025/10/16,"Wall mounting assembly for POC-300, POC-400 series, horizontal type",Bare
SO25090158,NTA_INVENTORY,POD-251288,950-EC900632-A21,Nuvo-9006LP,2.0,2025/10/8,"Intel® 14th/ 13th/12th -Gen Core™ Rugged Embedded Computer with with 6x 2.5GbE (I226-IT)/ GbE, USB 3.2 Type-C, MezIO® Interface & 2.5” HDD tray",Bare
SO25090160,PO05053,POD-251282,950-EC900662-A11,Nuvo-9006E-UL,4.0,2025/10/8,"Intel® 14th/13th/12th -Gen Core™ Rugged Embedded Computer with 6x 2.5GbE (I226-IT)/ GbE, USB 3.2 Type-C, single-slot PCIe Cassette & MezIO® Interface",Bare
SO25090173,P96746,POD-251259,93S-CK000035-000,Cblkit-M12-SEMIL2000-AS02,13.0,2025/10/31,"Cable kit includes 2x Cbl-M12X8M-RJ45-CAT6A-500CM, Cbl-M12A8M-2U2TA-180CM2, Cbl-M12L5F-CordEnd5-180CM, Splicing Connector*5 for AS",Bare
SO25090173,P96746,POD-251259,391-U4301500-035,Cbl-TpCPlug-U3TA-50CM,26.0,2025/10/31,"TypeC Male Plug to USB3.0 Type-A FML, Length: 50CM",Bare
SO25090218,"SIM SPORTS CORPORATION, PO#108187",POD-251293,93S-PA000005-000,PA-60W-OW-1,2.0,2025/10/14,"60W AC/DC power adapter(GST60A12-JD) with 12V, 5A DC output, Cord end terminals for  terminal block.  Operating Temperature :  -30-60 °C, with power cord cable for NTA",Bare
SO25090221,NTA_INVENTORY,POD-251298,950-EC900693-A11,Nuvo-9006DE-PoE-UL,4.0,2025/10/16,"Intel® 14th/ 13th/12th -Gen Core™ Rugged Embedded Computer with 6x 2.5GbE (I226-IT)/ GbE, USB 3.2 Type-C, dual-slot PCIe Cassette & MezIO® Interface & UL certified, option of 802.3at PoE+ PSE for 2.5GbE port 3 ~ port 6.",Bare
SO25090221,NTA_INVENTORY,POD-251298,950-EC950100-A24,Nuvo-9501,2.0,2025/10/16,Intel® Alder Lake 12th-Gen Core™compact fanless computer with 2x GbE and 4x USB3.2.,Bare
SO25090224,NTA_L3HARRIS_SO-20251281,POD-251301,600-55000006-000,Win10Pro-ENG64,1.0,2025/10/22,Win PRO 10 64BIT ENGLISH 1PK DVD,Bare
SO25090238,NTA_RIDGELIN_ SO-20251295,POD-251305,600-55000006-000,Win10Pro-ENG64,1.0,2025/10/22,Win PRO 10 64BIT ENGLISH 1PK DVD,Bare
SO25090239,NTA_EVOLUTION MOTION_SO-20251294,POD-251306,950-EC953110-A14,Nuvo-9531-FT,1.0,2025/10/16,"Intel® 13th/12th -Gen Core™ i9/ i7/ i5/ i3 compact fanless computer with 4x 2.5GbE, 4x USB3.2, 1x hot-swappable HDD tray and flattop heatsink.",Bare
SO25090248,PO05059,POD-251302,950-EC900633-A21,Nuvo-9006LP-PoE,5.0,2025/10/15,"Intel® 14th/ 13th/12th -Gen Core™ Rugged Embedded Computer with 6x 2.5GbE (I226-IT)/ GbE, USB 3.2 Type-C, MezIO® Interface & 2.5” HDD tray, with optional IEEE 802.3at PoE+.",Bare
SO25090255,NTA_LASERAX SO-20251296,POD-251315,950-EC900663-A11,Nuvo-9006E-PoE-UL,6.0,2025/10/16,"Intel® 14th/ 13th/12th -Gen Core™ Rugged Embedded Computer with 6x 2.5GbE (I226-IT)/ GbE, USB 3.2 Type-C, single-slot PCIe Cassette, MezIO® Interface & UL certified, option of 802.3at PoE+ PSE for 2.5GbE port 3 ~ port 6.",Bare
SO25090256,NTA_INVENTORY,POD-251316,950-EC750100-A15,Nuvo-7501,4.0,2025/10/16,Intel® 8th-Gen Coffee Lake Core™ i7/i5/i3 compact fanless embedded computer with 2xGbE and 4xCOM.,Bare
SO25090256,NTA_INVENTORY,POD-251316,950-GCA20800-A33,Nuvo-10208GC,2.0,2025/10/16,"Industrial-grade Edge AI Platform supporting dual NVIDIA® RTX series 350W GPU Cards, Intel® 14th/13th/12th-Gen Core™ processor with 3x additional PCIe slots ",Bare
SO25090257,NTA_INVENTORY,POD-251317,507-N2551243-012,M.280-SSD-512GB-PCIe44-TLC5-PN,5.0,2025/11/12,"M.2 SSD 512GB, Key M 2280, TLC, NVMe PCIe Gen 4x4, 0°C~+70°C, Phison.",Bare
SO25090258,NTA_ABB ELECTRIFICATION_SO-20251299,POD-251318,950-MV730600-020,Nuvis-7306RT-DTIO(EA),1.0,2025/10/16,"Intel® 8th/ 9th-Gen Core™ i  machine vision controller with vision-specific I/O, real-time controler by patented DTIO V2 and GPU-computing.",Bare
SO25090272,NTA_INVENTORY,POD-251320,950-RU016200-A10,NRU-162S-AWP,1.0,2025/10/16,IP66 NVIDIA® Jetson Orin™ NX / Orin™ Nano Computer with 4x PoE+ GbE,Bare
SO25090272,NTA_INVENTORY,POD-251320,950-RU023000-A11,NRU-230V-AWP,4.0,2025/10/16,"IP66 NVIDIA® Jetson AGX Orin™ Computer with 8x GMSL2 inputs, 4x GbE and 1x 10GbE ports",Bare
SO25090272,NTA_INVENTORY,POD-251320,950-GCA10801-A30,Nuvo-10108GC-10G,2.0,2025/10/16,"Industrial-grade GPU Computing Edge AI Platform Supporting an NVIDIA® RTX 40 Series Graphics Card, Intel® 14th/13th/12th-Gen Core™ Processor, with 10GbE option",Bare
SO25090272,NTA_INVENTORY,POD-251320,950-GCA20801-A33,Nuvo-10208GC-10G,4.0,2025/10/16,"Industrial-grade Edge AI Platform supporting dual NVIDIA® RTX series 350W GPU Cards, Intel® 14th/13th/12th-Gen Core™ processor with 1x 10G Ethernet port and 3x additional PCIe slots",Bare
SO25090272,NTA_INVENTORY,POD-251320,950-GCA20801-A33,Nuvo-10208GC-10G,4.0,2025/10/16,"Industrial-grade Edge AI Platform supporting dual NVIDIA® RTX series 350W GPU Cards, Intel® 14th/13th/12th-Gen Core™ processor with 1x 10G Ethernet port and 3x additional PCIe slots",Bare
SO25090273,NTA_INVENTORY,POD-251321,950-EC900612-A21,Nuvo-9006E,2.0,2025/10/16,"Intel® 14th/ 13th/12th -Gen Core™ Rugged Embedded Computer with 6x 2.5GbE (I226-IT)/ GbE, USB 3.2 Type-C, single-slot PCIe Cassette & MezIO® Interface",Bare
SO25090273,NTA_INVENTORY,POD-251321,950-GC916003-A20,Nuvo-9160GC-PoE,7.0,2025/10/16,"Ruggedized GPU-Computing Platform Supporting 130W nVidia® GPU and Intel® 12th-Gen Core™ Processor, with IEEE 802.3at PoE+ (I226-IT)",Bare
SO25090273,NTA_INVENTORY,POD-251321,950-EC950100-A24,Nuvo-9501,2.0,2025/10/16,Intel® Alder Lake 12th-Gen Core™compact fanless computer with 2x GbE and 4x USB3.2.,Bare
SO25090273,NTA_INVENTORY,POD-251321,950-UC040000-A28,POC-400,1.0,2025/10/16,"Intel® ElkhartLake ultra-compact embedded controller with 1x 2.5GbE port, 2x PoE+ ports, 2x USB 3.0 ports and MezIO interface.",Bare
SO25090273,NTA_INVENTORY,POD-251321,950-UC051500-A26,POC-515,1.0,2025/10/16,"AMD Ryzen™ embedded V1605B ultra-compact embedded controller with  4x PoE+ ports, 4x USB 3.0 ports and MezIO™ interface.",Bare
SO25090273,NTA_INVENTORY,POD-251321,950-UC071200-A13,POC-712,1.0,2025/10/16,"Intel Atom x7425E Ultra-Compact Embedded Controller with 4x GbE, 4x USB 3.2 and MezIO Interface.",Bare
SO25090273,NTA_INVENTORY,POD-251321,950-UC071201-A11,POC-712-UL,2.0,2025/10/16,"Intel Atom x7425E Ultra-Compact Embedded Controller with 4x GbE, 4x USB 3.2 and MezIO Interface.",Bare
SO25090274,NTA_INVENTORY,POD-251322,507-N2525643-147,M.280-SSD-256GB-PCIe44-TLC5WT-T,26.0,2025/10/8,"M.2 SSD 256GB, Key M 2280, TLC, NVMe PCIe Gen 4x4, -40°C~+85°C, Transcend.",Bare
SO25090274,NTA_INVENTORY,POD-251322,507-N2502T43-167,M.280-SSD-2TB-PCIe44-TLC5ET-TD,2.0,2025/10/8,"M.2 SSD 2TB, Key M 2280, TLC, NVMe PCIe Gen 4x4, -20°C~+75°C, Transcend.",Bare
SO25090274,NTA_INVENTORY,POD-251322,507-N2502T43-147,M.280-SSD-2TB-PCIe44-TLC5WT-TD,6.0,2025/10/8,"M.2 SSD 2TB, Key M 2280, TLC, NVMe PCIe Gen 4x4, -40°C~+85°C, Transcend.",Bare
SO25090274,NTA_INVENTORY,POD-251322,507-N2551243-012,M.280-SSD-512GB-PCIe44-TLC5-PN,2.0,2025/11/12,"M.2 SSD 512GB, Key M 2280, TLC, NVMe PCIe Gen 4x4, 0°C~+70°C, Phison.",Bare
SO25090275,NTA_INVENTORY,POD-251323,93S-CK000023-000,Cblkit-BP-NRU-230V-AWP,4.0,2025/10/8,"NRU-230V-AWP back panel cable kit, including 8x Cbl-FAKRA-ZFM-ZFM-12M",Bare
SO25090275,NTA_INVENTORY,POD-251323,93S-CK000022-000,Cblkit-FP-NRU-230V-AWP_NRU-240S,4.0,2025/10/16,"NRU-230V-AWP or NRU-240S-AWP front panel cable kit, including: 1x Cbl-TpCPlug-UTpCF-50CM, 1x Cbl-M12A8M-2U2TA-180CM1, 3x Cbl-M12A8M-2DB9M_OW2-180CM, 5x Cbl-M12X8M-RJ45F-100CM",Bare
SO25090275,NTA_INVENTORY,POD-251323,930-CK000011-000,Cblkit-NRU-162S-AWP,2.0,2025/10/16,"NRU-162S-AWP cable kit, including 5xCbl-M12X8M-RJ45F-100CM, 1xCbl-M12A8M-2U2TA-180CM1, 1xCbl-M12A8M-2DB9M_OW2-180CM1, 1xCbl-M12A17M-VGA-180CM2",Bare
SO25090293,NTA_ADVANCED TECH_EVOLUTION MOTION,POD-251325,950-XCA00300-A21,Nuvo-10003,3.0,2025/10/16,Intel® 13th/ 12th-Gen Core™ i7/ i5/ i3 Expansion Box-PC with 3x PCIe slots,Bare
SO25090293,NTA_ADVANCED TECH_EVOLUTION MOTION,POD-251325,950-EC953110-A14,Nuvo-9531-FT,1.0,2025/10/16,"Intel® 13th/12th -Gen Core™ i9/ i7/ i5/ i3 compact fanless computer with 4x 2.5GbE, 4x USB3.2, 1x hot-swappable HDD tray and flattop heatsink.",Bare
SO25090318,NTA_THE ALLIANCE_SO-20251311,POD-251333,950-UC040000-A28,POC-400,10.0,2025/10/22,"Intel® ElkhartLake ultra-compact embedded controller with 1x 2.5GbE port, 2x PoE+ ports, 2x USB 3.0 ports and MezIO interface.",Bare
SO25090318,NTA_THE ALLIANCE_SO-20251311,POD-251333,505-C1156562-123,DDR4-32GB-WT32-SM,10.0,2025/10/22,DDR4-3200 1.2V 32GB SO-DIMM -40~+85°C,Bare
SO25090318,NTA_THE ALLIANCE_SO-20251311,POD-251333,507-N1101T43-041,M.280-SSD-1TB-SATA-TLCWT-IK,9.0,2025/10/22,"M.2 SSD 1TB, Key B+M 2280, TLC,  SATA III, -40°C~+85°C, Innodisk",Bare
SO25090318,NTA_THE ALLIANCE_SO-20251311,POD-251333,550-W0150000-001,Win11IoT24-Entry,10.0,2025/10/22,Win 11 IoT Ent 2024 LTSC Entry,Bare
SO25090318,NTA_THE ALLIANCE_SO-20251311,POD-251333,906-MZ0020V0-A21,MezIO-V20,10.0,2025/10/22,16-mode ignition power control and 1x mini-PCIe socket (U2 only) MezIO module for Nuvo LP and POC series,Bare
SO25090318,NTA_THE ALLIANCE_SO-20251311,POD-251333,501-W4430210-071,M.230-BTWIFI-AX210,10.0,2025/10/22,"Intel AX210 802.11ac/a/b/d/e/g/h/i/k/n/r/u/v/w/ac/ax WiFi6 + BT5.3 M.2 2230 module, -40°C~+85°C",Bare
SO25090318,NTA_THE ALLIANCE_SO-20251311,POD-251333,398-M4201150-001,Cbl-MHF4-RP_SMAF-15CM,20.0,2025/10/22,"Wifi Internal Cable, IPEX MHF4(Female) to RP SMA(Female), for M.2 module, Length: 15CM",Bare
SO25090318,NTA_THE ALLIANCE_SO-20251311,POD-251333,398-S2401300-072,Ant-RP_SMAM-WiFi-108MM,20.0,2025/10/22,"WiFi Antenna, Swivel type, Frequency: 2.4/5.8 GHz, VSWR: 2.0 : 1 Max, with RP SMA (Male), Length: 108MM",Bare
SO25090318,NTA_THE ALLIANCE_SO-20251311,POD-251333,930-WM000002-000,Wmkit-H-POC300_400,10.0,2025/10/22,"Wall mounting assembly for POC-300, POC-400 series, horizontal type",Bare
SO25090321,PO05067,POD-251328,950-EC950100-A24,Nuvo-9501,15.0,2025/10/21,Intel® Alder Lake 12th-Gen Core™compact fanless computer with 2x GbE and 4x USB3.2.,Bare
SO25090321,PO05067,POD-251328,950-EC950100-A24,Nuvo-9501,15.0,2025/11/18,Intel® Alder Lake 12th-Gen Core™compact fanless computer with 2x GbE and 4x USB3.2.,Bare
SO25090321,PO05067,POD-251328,510-A1160202-181,PA-160W-OW,30.0,2025/10/21,"160W AC-DC power Adapter, 20V 8A,  90~264VAC 127~370VDC, Open-Wire Terminal,30~+70°C, Non-CCC",Bare
SO25090323,P96800(P),POD-251326,950-UC040000-A28,POC-400-CA140,70.0,2025/11/7,"Intel® ElkhartLake ultra-compact embedded controller with 1x 2.5GbE port, 2x PoE+ ports, 2x USB 3.0 ports and MezIO interface.",Bare
SO25090323,P96800(P),POD-251326,950-UC040000-A28,POC-400-CA140,70.0,2025/12/5,"Intel® ElkhartLake ultra-compact embedded controller with 1x 2.5GbE port, 2x PoE+ ports, 2x USB 3.0 ports and MezIO interface.",Bare
SO25090323,P96800(P),POD-251326,93S-MK000010-000,Miokit-R12-POC300,40.0,2025/11/7,"MezIO-R12-50 kits, 1x 2.5” SATA HDD/SSD, 4-CH isolated DI, 4-CH isolated DO, including POC-300 series Back Panel and Screw",Bare
SO25090323,P96800(P),POD-251326,93S-MK000010-000,Miokit-R12-POC300,100.0,2025/11/7,"MezIO-R12-50 kits, 1x 2.5” SATA HDD/SSD, 4-CH isolated DI, 4-CH isolated DO, including POC-300 series Back Panel and Screw",Bare
SO25090327,P96800(P),POD-251327,930-WM000001-000,Wmkit-V-POC300_400,70.0,2025/11/7,"Wall mounting assembly for POC-300, POC-400, POC-40 series, vertical type",Bare
SO25090327,P96800(P),POD-251327,930-WM000001-000,Wmkit-V-POC300_400,70.0,2025/11/7,"Wall mounting assembly for POC-300, POC-400, POC-40 series, vertical type",Bare
SO25090327,P96800(P),POD-251327,930-WM000002-000,Wmkit-H-POC300_400,40.0,2025/11/7,"Wall mounting assembly for POC-300, POC-400 series, horizontal type",Bare
SO25090327,P96800(P),POD-251327,930-WM000002-000,Wmkit-H-POC300_400,100.0,2025/11/7,"Wall mounting assembly for POC-300, POC-400 series, horizontal type",Bare
SO25090338,NTA_NEXT IMAGING_SO-20251314,POD-251337,906-LT045200-010,LTN-452(EA),2.0,2025/10/8,2-CH LED controller module supporting overdriving up to 10A and 2x DI,Bare
SO25090338,NTA_NEXT IMAGING_SO-20251314,POD-251337,950-UC054500-A27,POC-545,2.0,2025/10/16,"AMD Ryzen™ embedded V1807B ultra-compact embedded controller with  4x PoE+ ports, 4x USB 3.0 ports and MezIO™ interface.",Bare
SO25090338,NTA_NEXT IMAGING_SO-20251314,POD-251337,930-WM000005-000,Wmkit-V-POC500,4.0,2025/10/16,"Wall mounting assembly for POC-500, POC-700 series, vertical type",Bare
SO25090339,NTA_SILGAN_SO-20251316,POD-251338,930-GH000007-000,AccsyBx-Cardholder-9160GC-2000E,1.0,2025/10/8,Nuvo-9160GC GPU bracket kit for RTX 2000E Ada,Bare
SO25090340,NTA_INVENTORY,POD-251339,950-EC900632-A21,Nuvo-9006LP,2.0,2025/10/22,"Intel® 14th/ 13th/12th -Gen Core™ Rugged Embedded Computer with with 6x 2.5GbE (I226-IT)/ GbE, USB 3.2 Type-C, MezIO® Interface & 2.5” HDD tray",Bare
SO25090345,PO05072,POD-251330,950-EC900232-A21,Nuvo-9002LP,12.0,2025/10/21,"Intel® 14th/ 13th/12th -Gen Core™ Rugged Embedded Computer with 2x 2.5GbE (I226-IT)/ GbE, USB 3.2 Type-C, MezIO® Interface & 2.5” HDD tray",Bare
SO25090346,NTA_DIGIKEY,POD-251340,507-N1125643-012,M.280-SSD-256GB-SATA-TLC5-PN,6.0,2025/10/8,"M.2 SSD 256GB, Key B+M 2280, TLC,  SATA III,0°C~+70°C, Phison",Bare
SO25090346,NTA_DIGIKEY,POD-251340,950-UC004000-A14,POC-40,1.0,2025/10/22,Intel® Elkhart Lake Atom® x6211E Extreme-compact Embedded Controller with 2x GbE and 2x USB 3.1,Bare
SO25090346,NTA_DIGIKEY,POD-251340,930-WM000001-000,Wmkit-V-POC300_400,6.0,2025/10/22,"Wall mounting assembly for POC-300, POC-400, POC-40 series, vertical type",Bare
SO25090378,PO05060,POD-251341,510-A1120202-181,PA-120W-OW,20.0,2025/10/8,"120W AC/DC power adapter(GST120A20-JD) 20V/6A;18AWG/120cm;Cord end terminals for  terminal block, Operating Temperature :  -30 to 70 °C.",Bare
SO25090379,NTA_INVENTORY,POD-251351,950-EC900693-A11,Nuvo-9006DE-PoE-UL,6.0,2025/10/22,"Intel® 14th/ 13th/12th -Gen Core™ Rugged Embedded Computer with 6x 2.5GbE (I226-IT)/ GbE, USB 3.2 Type-C, dual-slot PCIe Cassette & MezIO® Interface & UL certified, option of 802.3at PoE+ PSE for 2.5GbE port 3 ~ port 6.",Bare
SO25090379,NTA_INVENTORY,POD-251351,950-VT920801-A21,Nuvo-9208VTC,2.0,2025/10/22,"Intel® 14th/13th/12th-Gen Core™ In-Vehicle Computer (I226 version) with 8x RJ45 PoE+ ports, USB 3.2 Type-C, DIO, CAN bus and RAID. Patented Cassette for PCIe add-on card accommodation.(ALC888S Audio & EN45545)",Bare
SO25090379,NTA_INVENTORY,POD-251351,507-S2301T13-067,SSD-1TB-TLC5ET-TD,10.0,2025/10/8,"2.5"""" SATA SSD 1TB TLC, -20°C~+75°C,Transcend",Bare
SO25090379,NTA_INVENTORY,POD-251351,93S-GB000001-000,Gpubr-Nuvo9160-01,5.0,2025/10/8,"Nuvo-9160GC GPU bracket kit for RTX A2000, RTX 2000 Ada, and RTX 4000 SFF Ada",Bare
SO25090380,NTA_MONTERIS MEDICAL_SO-20251333,POD-251352,507-N2551243-012,M.280-SSD-512GB-PCIe44-TLC5-PN,5.0,2025/10/16,"M.2 SSD 512GB, Key M 2280, TLC, NVMe PCIe Gen 4x4, 0°C~+70°C, Phison.",Bare
SO25090380,NTA_MONTERIS MEDICAL_SO-20251333,POD-251352,930-DB000004-000,Dmpbr-Nuvo9160,5.0,2025/10/8,Damping bracket assembly for Nuvo-9160GC,Bare
SO25090381,P96819,POD-251342,93S-CK000022-000,Cblkit-FP-NRU-230V-AWP_NRU-240S,1.0,2025/10/23,"NRU-230V-AWP or NRU-240S-AWP front panel cable kit, including: 1x Cbl-TpCPlug-UTpCF-50CM, 1x Cbl-M12A8M-2U2TA-180CM1, 3x Cbl-M12A8M-2DB9M_OW2-180CM, 5x Cbl-M12X8M-RJ45F-100CM",Bare
SO25090383,NTA_US ARMY_RIDGELINE,POD-251353,140-A008850T-121,i5-8500T,1.0,2025/10/8,"Intel® Core™ i5-8500T Processor (9M Cache, up to 3.50 GHz), TDP:35W CPU, installation and burn in test included",Bare
SO25090383,NTA_US ARMY_RIDGELINE,POD-251353,930-PA000002-000,PA-280W-CW6P-2P,2.0,2025/10/8,"280W AC-DC power adapter 24V 11.67A, 85~264VAC, -30~+70°C w/ Wafer FML6P to 2P End Terminal cable for AWP/SEMIL",Bare
SO25090384,P96827,POD-251343,950-UC030000-A35,POC-300,4.0,2025/10/23,"Intel® ApolloLake Atom™ E3950 ultra-compact embedded controller with 1x GbE port, 2x IEEE 802.3at PoE+ ports, 2x USB 3.0 ports and MezIO interface.",Bare
SO25090402,PO05080,POD-251354,950-ECB53100-A10,Nuvo-11531,1.0,2025/10/8,"Intel® Core™ Ultra 200S Series Compact Fanless Computer with 4x 2.5GbE, 4x USB3.2",Bare
SO25090404,P96830,POD-251355,93S-MK000044-000,Miokit-D220-POC400,4.0,2025/10/9,"MezIO-D220-50 kits, 8-CH isolated DI and 8-CH isolated DO, with POC-400 series Back Panel, and Screw",Bare
SO25090404,P96830,POD-251355,93S-MK000044-000,Miokit-D220-POC400,4.0,2025/10/23,"MezIO-D220-50 kits, 8-CH isolated DI and 8-CH isolated DO, with POC-400 series Back Panel, and Screw",Bare
SO25090405,P96832,POD-251357,950-UC033000-A54,POC-330,4.0,2025/10/23,"Intel® ApolloLake Pentium™ N4200 ultra-compact embedded controller with 3x GbE ports, 2x USB 3.0 ports and MezIO interface.",Bare
SO25090406,NTA_SCOUT AI_SO-20251335,POD-251358,391-U4321500-035,Cbl-TpCPlug-UTpCF-50CM,2.0,2025/10/8,"TypeC Male Plug to USB Type-C FML Cable, Length : 50CM",Bare
SO25090407,NTA_INVENTORY,POD-251359,398-M1201300-002,Cbl-MHF-RP_SMAF-30CM,25.0,2025/10/8,"WiFi Internal Cable,  I-PEX MHF(Female) to RP SMA(Female), 1.13 coaxial cable, Length: 30CM",Bare
SO25090408,NTA_GRAFTEK_SO-20251341,POD-251360,140-A0290285-061,Core Ultra 9 285,1.0,2025/10/8,"Intel®  Core™ Ultra 9 285 Processor (36M Cache, up to 5.6 GHz), TDP:65W CPU, installation and burn in test included",Bare
SO25090408,NTA_GRAFTEK_SO-20251341,POD-251360,507-S2251213-012,SSD-512GB-TLC5-PN,1.0,2025/10/8,"2.5"" TLC 512GB SSD, 0 ~ 70°C",Bare
SO25090432,NTA_KEYSIGHT_SO-20251345,POD-251362,140-A0290285-061,Core Ultra 9 285,1.0,2025/10/16,"Intel®  Core™ Ultra 9 285 Processor (36M Cache, up to 5.6 GHz), TDP:65W CPU, installation and burn in test included",Bare
SO25090433,NTA_CERL_SO-20251343,POD-251363,930-CK000012-000,Cblkit-NRU-171V-PPC,1.0,2025/10/29,"NRU-171V-PPC cable kit, including 6xCbl-FAKRA-ZFM-ZFM-12M, 1xCbl-M12X8M-RJ45F-100CM, 1xCbl-M12A8M-2U2TA-180CM, 1xCbl-M12A8M-2DB9M_OW2-180CM1",Bare
SO25090441,NTA_INVENTORY_ECHODYNE_US ARMY,POD-251368,395-M2342189-004,Cbl-M12S4F-CordEnd4-180CM,3.0,2025/10/16,"M12 S-Code Female 4P to Cord End Terminal 4P, Length:180cm",Bare
SO25090441,NTA_INVENTORY_ECHODYNE_US ARMY,POD-251368,395-M1452189-004,Cbl-M12L5F-CordEnd5-180CM,2.0,2025/10/16,"M12 L-Code 5P(FML) to Cord End Terminal 5P, Length: 1.8M",Bare
SO25090441,NTA_INVENTORY_ECHODYNE_US ARMY,POD-251368,930-AC000010-000,AC-ISX031-H60,3.0,2025/10/16,"GMSL2 2.95MP CMOS 1/2.42"" Camera, Sensor: Sony ISX031 in-built ISP, H63.9°, TV lines center>=850, corner 0.55F>=700, Fakra Z Male, IP67/IP69K, -40~+85℃",Bare
SO25090441,NTA_INVENTORY_ECHODYNE_US ARMY,POD-251368,398-F1112700-021,FK-FF-CABLE-7M,1.0,2025/10/16,"FAKRA SMB ST. Female Z code to FAKRA SMB ST. Female A code, Length: 700CM",Bare
SO25090449,P96843,POD-251366,906-PE0550E0-A10,PCIe-10G550X,5.0,2025/10/17,2-port 10GbE Network Adapter,Bare
SO25090450,P96833,POD-251361,930-DM000001-000,DINRAIL-O,10.0,2025/10/17,DIN-Rail mounting assembly for Nuvo-1000/3000/5000/7000/9000/11000 series,Bare
SO25090451,NTA_FEV_NORTH AMERICA_SO-20251348,POD-251369,391-U4102100-034,Cbl-TpCPlug-DPM-1M,2.0,,"TypeC Male Plug to DP Male Cable, Length : 1M",Bare
SO25090451,NTA_FEV_NORTH AMERICA_SO-20251348,POD-251369,391-U4301500-035,Cbl-TpCPlug-U3TA-50CM,2.0,,"TypeC Male Plug to USB3.0 Type-A FML, Length: 50CM",Bare
SO25090451,NTA_FEV_NORTH AMERICA_SO-20251348,POD-251369,391-U4321500-035,Cbl-TpCPlug-UTpCF-50CM,2.0,,"TypeC Male Plug to USB Type-C FML Cable, Length : 50CM",Bare
SO25090451,NTA_FEV_NORTH AMERICA_SO-20251348,POD-251369,930-CK000006-000,Cblkit-M12-SEMIL2000,1.0,,"SEMIL-2000 series M12 cable kit, including 7xCbl-M12X8M-RJ45-500CM, 1xCbl-M12A8M-2U2TA-180CM1, 2xCbl-M12A8M-2DB9M_OW2-180CM1, 1xCbl-M12A8M-2DB9M-180CM, 1xCable M12 L-Code 5P FML to Cord End Terminal 5P 180cm",Bare
SO25090451,NTA_FEV_NORTH AMERICA_SO-20251348,POD-251369,930-PA000003-000,PA-600W-C4PY-4P,1.0,,"600W AC-DC power adapter 24V 25A, 85~264VAC, -20~+70°C, w/ 4PY Terminal to 4P End Terminal cable for AWP/SEMIL",Bare
SO25090452,P96840,POD-251367,950-UC040000-A28,POC-400,5.0,2025/10/31,"Intel® ElkhartLake ultra-compact embedded controller with 1x 2.5GbE port, 2x PoE+ ports, 2x USB 3.0 ports and MezIO interface.",Bare
SO25090473,PO05086,POD-251370,510-A1160202-181,PA-160W-OW,40.0,2025/10/15,"160W AC-DC power Adapter, 20V 8A,  90~264VAC 127~370VDC, Open-Wire Terminal,30~+70°C, Non-CCC",Bare
SO25090483,NTA_INVENTORY,POD-251371,950-UC041000-A27,POC-410,8.0,2025/10/22,"POC-410 Intel® ElkhartLake ultra-compact embedded controller with 3x 2.5GbE ports,  2x USB 3.0 ports and MezIO interface.",Bare
SO25090483,NTA_INVENTORY,POD-251371,507-N1125643-147,M.280-SSD-256GB-SATA-TLC5WT-TD,5.0,2025/10/16,"M.2 SSD 256GB, Key B+M 2280, TLC, SATA III, -40°C~+85°C, Transcend",Bare
SO25090483,NTA_INVENTORY,POD-251371,906-PE0550P0-A10,PCIe-PoE550X,10.0,2025/10/16,2-port 10GbE Network Adapter with IEEE 802.3at PoE+ Capability,Bare
SO25090484,"NTA_LASERAX_SO-20251354,SO-20251359",POD-251372,950-EC900663-A11,Nuvo-9006E-PoE-UL,3.0,2025/10/22,"Intel® 14th/ 13th/12th -Gen Core™ Rugged Embedded Computer with 6x 2.5GbE (I226-IT)/ GbE, USB 3.2 Type-C, single-slot PCIe Cassette, MezIO® Interface & UL certified, option of 802.3at PoE+ PSE for 2.5GbE port 3 ~ port 6.",Bare
SO25090485,NTA_W5 ENGINEERING_SO-20251357,POD-251373,950-UC004004-A13,POC-40+IGN,4.0,2025/10/22,"Intel® Elkhart Lake x6413E Extreme-compact IOT Gateway Computer with 2x GbE, 2x USB 3.1, 1x isolated RS422/485 and ignition power control",Bare
SO25090485,NTA_W5 ENGINEERING_SO-20251357,POD-251373,507-N1101T43-047,M.280-SSD-1TB-SATA-TLC5WT-TD,4.0,2025/10/16,"M.2 SSD 1TB, Key B+M 2280, TLC,  SATA III, -40°C~+85°C, Transcend",Bare
SO25090504,P96860,POD-251376,93S-MK000030-000,Miokit-D220-POC-O,12.0,2025/10/23,"MezIO-D220-50 kits, 8-CH isolated DI and 8-CH isolated DO, including Screw and standoff, without Back Panel for POC-300 series",Bare
SO25090508,NTA_MAPC_SO-20251367,POD-251378,930-CK000005-000,Cblkit-M12-POC-465AWP,7.0,,"POC-465AWP M12 cable kit, including 2x Cbl-M12X8M-RJ45F-100CM, 1x Cbl-M12A8M-2U2TA-180CM1, 1x Cbl-M12A17M-VGA-180CM2, 1x Cbl-M12A8M-2DB9M-180CM, 1x Cbl-M12A5F-OW3-180CM",Bare
SO25090508,NTA_MAPC_SO-20251367,POD-251378,930-WM000010-000,Wmkit-POC465AWP,7.0,,Wall mounting assembly for POC-465AWP,Bare
SO25090508,NTA_MAPC_SO-20251367,POD-251378,930-CK000005-000,Cblkit-M12-POC-465AWP,3.0,,"POC-465AWP M12 cable kit, including 2x Cbl-M12X8M-RJ45F-100CM, 1x Cbl-M12A8M-2U2TA-180CM1, 1x Cbl-M12A17M-VGA-180CM2, 1x Cbl-M12A8M-2DB9M-180CM, 1x Cbl-M12A5F-OW3-180CM",Bare
SO25090508,NTA_MAPC_SO-20251367,POD-251378,930-WM000010-000,Wmkit-POC465AWP,3.0,,Wall mounting assembly for POC-465AWP,Bare
SO25090509,NTA_MAPC_SO-20251368,POD-251379,930-CK000005-000,Cblkit-M12-POC-465AWP,30.0,,"POC-465AWP M12 cable kit, including 2x Cbl-M12X8M-RJ45F-100CM, 1x Cbl-M12A8M-2U2TA-180CM1, 1x Cbl-M12A17M-VGA-180CM2, 1x Cbl-M12A8M-2DB9M-180CM, 1x Cbl-M12A5F-OW3-180CM",Bare
SO25090509,NTA_MAPC_SO-20251368,POD-251379,930-WM000010-000,Wmkit-POC465AWP,30.0,,Wall mounting assembly for POC-465AWP,Bare
SO25090510,NTA_THE ALLIANCE_URGENT,POD-251377,505-C1156562-123,DDR4-32GB-WT32-SM,1.0,2025/10/8,DDR4-3200 1.2V 32GB SO-DIMM -40~+85°C,Bare
SO25090519,NTA_MONTERIS_SO-20251332,POD-251380,500-G1020004-006,GC-RTX2000Ada-Nvidia,31.0,,"NVIDIA RTX 2000  Ada Generation Graphics Card, PCIe 4.0 x16, 2816 CUDA Cores, 88 Tensor Cores, 22 RT Cores, 16GB GDDR6, w/ECC, 70W, 4x mDP 1.4a",Bare
SO25090521,NTA_LIGHTNING PICK_SO-20251362,POD-251381,950-UC071201-A11,POC-712-UL,3.0,2025/10/22,"Intel Atom x7425E Ultra-Compact Embedded Controller with 4x GbE, 4x USB 3.2 and MezIO Interface.",Bare
SO25090521,NTA_LIGHTNING PICK_SO-20251362,POD-251381,505-D1115132-013,DDR5-8GB-56-SM,3.0,2025/10/22,DDR5-5600 1.1V 8GB SO-DIMM 0~+85°C,Bare
SO25090522,NTA_NUPORT_SO-20251371,POD-251382,930-AC000002-000,AC-IMX390-H120,2.0,2025/10/22,"Sony IMX390 CMOS sensor camera; 1920x1080 @30fps; LFM; HFOV 120.6°; IP67+IP69K; -40°C to 85°C operating temperature; male FAKRA connector; active alignment; without lens cap, with updated FW to support LFM",Bare
SO25090522,NTA_NUPORT_SO-20251371,POD-251382,930-AC000001-000,AC-IMX390-H60,1.0,2025/10/22,Sony IMX390 CMOS sensor camera; 1920x1080 @30fps; LFM; HFOV 63.9°; IP67+IP69K; -40°C to 85°C operating temperature; male FAKRA connector; active alignment; without lens cap,Bare
SO25090523,NTA_INVENTORY,POD-251383,909-CB0002E0-A12,mPCIe-M2E,10.0,2025/10/22,NGFF M.2 key E to mini-PCIe adapter.,Bare
SO25090523,NTA_INVENTORY,POD-251383,501-W4430210-071,M.230-BTWIFI-AX210,5.0,2025/10/22,"Intel AX210 802.11ac/a/b/d/e/g/h/i/k/n/r/u/v/w/ac/ax WiFi6 + BT5.3 M.2 2230 module, -40°C~+85°C",Bare
SO25090523,NTA_INVENTORY,POD-251383,906-PE0352P0-A31,PCIe-PoE352at,10.0,2025/10/22,2-port Intel® I350-AM2 server-grade Gigabit IEEE 802.3at PoE+ frame grabber card,Bare
SO25090523,NTA_INVENTORY,POD-251383,906-MZ0020V0-A21,MezIO-V20,10.0,2025/10/22,16-mode ignition power control and 1x mini-PCIe socket (U2 only) MezIO module for Nuvo LP and POC series,Bare
SO25090523,NTA_INVENTORY,POD-251383,398-S2401300-072,Ant-RP_SMAM-WiFi-108MM,20.0,2025/10/22,"WiFi Antenna, Swivel type, Frequency: 2.4/5.8 GHz, VSWR: 2.0 : 1 Max, with RP SMA (Male), Length: 108MM",Bare
SO25090524,NTA_FIREFLY_SO-20251366,POD-251384,950-UC071200-A13,POC-712,6.0,2025/10/22,"Intel Atom x7425E Ultra-Compact Embedded Controller with 4x GbE, 4x USB 3.2 and MezIO Interface.",Bare
SO25090525,NTA_IRD_SO-20251381,POD-251385,93S-WM000014-000,Wmkit-NRU-50,3.0,2025/10/22,"Wall mounting kit for NRU-50 series, including wall mounting brackets and screws",Bare
SO25090526,NTA_INVENTORY,POD-251403,505-C1156562-123,DDR4-32GB-WT32-SM,48.0,,DDR4-3200 1.2V 32GB SO-DIMM -40~+85°C,Bare
SO25090527,NTA_UIUC PROJECT,POD-251397,950-VT075100-A11,POC-751VTC,1.0,2025/10/22,"Intel® Core™ i3-N305 Ultra-compact In-Vehicle Computer with 4x PoE+, HDMI, SocketCAN, and mPCIe for WIFI/ 4G/ 5G Modules.",Bare
SO25100014,NTA_INVENTORY,POD-251394,196-P6031691-034,TB-3Pole-Push,10.0,2025/10/16,Terminal Block in black with push-in type,Bare
SO25100014,NTA_INVENTORY,POD-251394,950-EC900693-A11,Nuvo-9006DE-PoE-UL,5.0,2025/12/3,"Intel® 14th/ 13th/12th -Gen Core™ Rugged Embedded Computer with 6x 2.5GbE (I226-IT)/ GbE, USB 3.2 Type-C, dual-slot PCIe Cassette & MezIO® Interface & UL certified, option of 802.3at PoE+ PSE for 2.5GbE port 3 ~ port 6.",Bare
SO25100015,NTA_SCOUT AI_SO-20251385,POD-251395,930-AC000003-000,AC-IMX390-H190,12.0,2025/10/22,Sony IMX390 CMOS sensor camera; 1920x1080 @30fps; LFM; HFOV 186°; IP67+IP69K; -40°C to 85°C operating temperature; male FAKRA connector; active alignment; without lens cap,Bare
SO25100017,NTA_PAR SYSTEMS,POD-251407,600-55000006-000,Win10Pro-ENG64,2.0,2025/10/22,Win PRO 10 64BIT ENGLISH 1PK DVD,Bare
SO25100017,NTA_PAR SYSTEMS,POD-251407,507-N2412843-045,M.280-SSD-128GB-PCIe4-TLCWT-SP,1.0,2025/10/22,"M.2 SSD 128GB, Key M 2280, TLC, NVMe PCIe Gen 3 x4, -40°C~+85°C.",Bare
SO25100033,NTA_NORTHBAY_SO-20251369,POD-251404,39D-M1152100-004,Cbl-M12A5F-OT2-B-Red-Fuse-100CM,4.0,,"M12(5-pole-A-code Female) to 2P O terminal, w/FUSE, Length:100CM",Bare
SO25100034,NTA_INVENTORY,POD-251405,950-EC700630-A32,Nuvo-7006LP,6.0,,"Intel® Coffee Lake  8th-Gen Core™ i fanless embedded controller with 6x GbE, MezIO interface and low-profile chassis.",Bare
SO25100034,NTA_INVENTORY,POD-251405,950-GC916001-A20,Nuvo-9160GC-PoE,4.0,,"Ruggedized GPU-Computing Platform Supporting 130W nVidia® GPU and Intel® Intel® 14th/13th/12th-Gen Core™ Processor, with IEEE 802.3at PoE+",Bare
SO25100034,NTA_INVENTORY,POD-251405,501-W1336218-077,mPCIeHS-BTWifi-WT-6218,10.0,,"802.11ac/a/b/g/n, 2T2R WiFi + BT4.2 half size mini-PCIe module, -40 ~ 85°C",Bare
SO25100034,NTA_INVENTORY,POD-251405,398-A5231196-073,Ant-RP_SMAM-WiFi-196MM1,50.0,,"WiFi Antenna, Swivel type, Frequency: 2.4/5.8 GHz, VSWR: 2.5 : 1 Max, with RP SMA (Male), Length: 196MM",Bare
SO25100034,NTA_INVENTORY,POD-251405,398-M1101300-001,Cbl-MHF-SMAF-30CM1,2.0,,"LTE Internal Cable, I-PEX MHF(Female) to SMA (Female), 1.13 coaxial cable, Length: 30CM",Bare
SO25100034,NTA_INVENTORY,POD-251405,93S-GB000001-000,Gpubr-Nuvo9160-01,20.0,,"Nuvo-9160GC GPU bracket kit for RTX A2000, RTX 2000 Ada, and RTX 4000 SFF Ada",Bare
SO25100034,NTA_INVENTORY,POD-251405,507-N2501T43-012,M.280-SSD-1TB-PCIe44-TLC5-PN,10.0,,"M.2 SSD 1TB, Key M 2280, TLC, NVMe PCIe Gen 4x4, 0°C~+70°C, Phison.",Bare
SO25100034,NTA_INVENTORY,POD-251405,501-X01HM101-002,Extnd-mPCIeHS,10.0,,Sparklan Half Mini-PCIe Extender,Bare
SO25100034,NTA_INVENTORY,POD-251405,93S-LM000003-000,Risr-M2B-mPCIe-SIMslot,10.0,,NGFF M.2 key B to mini-PCIe adapter include SIM slot for NTA,Bare
SO25100034,NTA_INVENTORY,POD-251405,398-M4101300-001,Cbl-MHF4-SMAF-30CM,25.0,,"LTE Internal Cable, IPEX MHF4(Female) to SMA(Female), for M.2 module, Length: 30CM",Bare
SO25100035,NTA_GREENZIE_SO-20251392,POD-251406,950-VT720000-A37,Nuvo-7200VTC,5.0,,"Intel® 8th-Gen Core™ in-vehicle controller with 4x M12 PoE+ ports, DIO, CAN bus and RAID, single-slot PCI Express Cassette.",Bare
SO25100035,NTA_GREENZIE_SO-20251392,POD-251406,140-A00997TE-121,i7-9700TE,5.0,,"Intel® Core™ i7-9700TE Processor (12M Cache, up to 3.80 GHz), TDP:35W CPU, installation and burn in test included",Bare
SO25100035,NTA_GREENZIE_SO-20251392,POD-251406,600-50100029-000,M.2-CAN-B2S1,5.0,,"M.2 2280, PCIe, Dual CANbus 2.0B, Isolation,-40°C~+85°C",Bare
SO25100045,NTA_INVENTORY,POD-251408,505-D1115132-013,DDR5-8GB-56-SM,24.0,2025/10/16,DDR5-5600 1.1V 8GB SO-DIMM 0~+85°C,Bare
SO25100045,NTA_INVENTORY,POD-251408,505-D1127332-013,DDR5-16GB-56-SM,34.0,2025/10/16,DDR5-5600 1.1V 16GB SO-DIMM 0~+85°C,Bare
SO25100045,NTA_INVENTORY,POD-251408,507-N1112843-147,M.280-SSD-128GB-SATA-TLC5WT-TD,5.0,2025/10/29,"M.2 SSD 128GB, Key B+M 2280, TLC, SATA III, -40°C~+85°C, Transcend",Bare
SO25100045,NTA_INVENTORY,POD-251408,507-N2525643-147,M.280-SSD-256GB-PCIe44-TLC5WT-T,17.0,2025/10/29,"M.2 SSD 256GB, Key M 2280, TLC, NVMe PCIe Gen 4x4, -40°C~+85°C, Transcend.",Bare
SO25100045,NTA_INVENTORY,POD-251408,507-N2502T43-167,M.280-SSD-2TB-PCIe44-TLC5ET-TD,3.0,2025/10/29,"M.2 SSD 2TB, Key M 2280, TLC, NVMe PCIe Gen 4x4, -20°C~+75°C, Transcend.",Bare
SO25100045,NTA_INVENTORY,POD-251408,507-N2502T43-147,M.280-SSD-2TB-PCIe44-TLC5WT-TD,2.0,2025/10/29,"M.2 SSD 2TB, Key M 2280, TLC, NVMe PCIe Gen 4x4, -40°C~+85°C, Transcend.",Bare
SO25100045,NTA_INVENTORY,POD-251408,507-S2302T13-067,SSD-2TB-TLC5ET-TD,6.0,2025/10/29,"2.5"""" SATA SSD 2TB TLC, -20°C~+75°C,Transcend",Bare
SO25100045,NTA_INVENTORY,POD-251408,507-S2302T13-147,SSD-2TB-TLC5WT-TD,6.0,2025/10/29,"2.5"" SATA SSD 2TB TLCWT ,-40°C~+85°C,Transcend",Bare
SO25100045,NTA_INVENTORY,POD-251408,507-S2251213-247,SSD-512GB-TLC5WT-TD,7.0,2025/10/29,"2.5"" SATA SSD 512GB TLCWT ,-40°C~+85°C,Transcend",Bare
SO25100048,PO05094,POD-251398,950-EC900632-A21,Nuvo-9006LP,10.0,,"Intel® 14th/ 13th/12th -Gen Core™ Rugged Embedded Computer with with 6x 2.5GbE (I226-IT)/ GbE, USB 3.2 Type-C, MezIO® Interface & 2.5” HDD tray",Bare
SO25100049,PO05093,POD-251399,950-EC900632-A21,Nuvo-9006LP,2.0,,"Intel® 14th/ 13th/12th -Gen Core™ Rugged Embedded Computer with with 6x 2.5GbE (I226-IT)/ GbE, USB 3.2 Type-C, MezIO® Interface & 2.5” HDD tray",Bare
SO25100056,NTA_INVENTORY_CARNEGIE_TERABOX,POD-251416,906-PE0381U0-A24,PCIe-USB381F,10.0,,8-Port USB 3.1 Gen1 host adapter card with 4x independent USB 3.1 controllers,Bare
SO25100056,NTA_INVENTORY_CARNEGIE_TERABOX,POD-251416,398-M4201300-001,Cbl-MHF4-RP_SMAF-30CM,20.0,,"Wifi Internal Cable, IPEX MHF4(Female) to RP SMA(Female), for M.2 module, Length: 30CM",Bare
SO25100056,NTA_INVENTORY_CARNEGIE_TERABOX,POD-251416,398-M1201500-102,Cbl-MHF-RP_SMAF-15CM,10.0,,"WiFi Internal Cable,  I-PEX MHF(Female) to RP SMA(Female), 1.13 coaxial cable, Length: 15CM",Bare
SO25100056,NTA_INVENTORY_CARNEGIE_TERABOX,POD-251416,507-S2251213-247,SSD-512GB-TLC5WT-TD,10.0,,"2.5"" SATA SSD 512GB TLCWT ,-40°C~+85°C,Transcend",Bare
SO25100056,NTA_INVENTORY_CARNEGIE_TERABOX,POD-251416,39D-395M2183-004,Cbl-M12A8M-U2TA-180CM,3.0,,"Waterproof M12 (8-pole-A-coded) w/ copper shielding  to USB 2.0 type A (female), Length: 180CM",Bare
SO25100056,NTA_INVENTORY_CARNEGIE_TERABOX,POD-251416,507-N2412823-047,M.242-SSD-128GB-PCIe34-TLC5WT-T,1.0,,"M.2 SSD 128GB, Key M 2242, TLC, NVMe PCIe Gen 3x4, -40°C~+85°C, Transcend.",Bare
SO25100056,NTA_INVENTORY_CARNEGIE_TERABOX,POD-251416,393-D1121150-034,Cbl-DB9F-2DB9M-15CM,1.0,,"DB9 Female w/Screw to 2x DB9 Male w/Screw, 28AWG, -20°C to +80°C, Length:15CM",Bare
SO25100057,NTA_JET STREAM_SO-20251405,POD-251417,501-W3330262-072,M.242-BTWifi-WT-262A,1.0,,"Sparklan 802.11ac/a/b/g/n, 2T2R WiFi + BT5 M.2 2240 module, -40 ~ 85°C",Bare
SO25100057,NTA_JET STREAM_SO-20251405,POD-251417,398-M1101300-001,Cbl-MHF-SMAF-30CM1,1.0,,"LTE Internal Cable, I-PEX MHF(Female) to SMA (Female), 1.13 coaxial cable, Length: 30CM",Bare
SO25100058,NTA_INVENTORY_IRD,POD-251418,950-EC700631-A32,Nuvo-7006LP-PoE,4.0,,"Intel® Coffee Lake  8th-Gen Core™ i fanless embedded controller with 6x GbE, MezIO interface and low-profile chassis, with optional IEEE 802.3at PoE+.",Bare
SO25100058,NTA_INVENTORY_IRD,POD-251418,930-DB000001-000,Dmpbr-Nuvo5000_7000,5.0,,Damping bracket assembly for Nuvo-5000/7000/9000/11000 series,Bare
SO25100058,NTA_INVENTORY_IRD,POD-251418,930-FN000005-000,AccsyBx-FAN-NRU-100,5.0,,"Fan kit for NRU-110V, NRU-120S, NRU-220S. It includes fan, fan frame, fan filter, fan cable cover, screws.",Bare
SO25100059,NTA_SEAFLOOR_SO-20251253,POD-251419,140-A0141450-051,i5-14500,8.0,2025/10/16,"Intel® Core™ i5-14500 Processor (24M Cache, up to 5.00 GHz), TDP:65W CPU, installation and burn in test included",Bare
SO25100067,P96894,POD-251410,93S-CK000005-000,Cblkit-PWR-1000WMW,20.0,,"PA-1000W-MW power cable kit, include 6 cord end terminal cable for adapter to terminal block for Nuvo-8208GC",Bare
SO25100068,P96889,POD-251411,390-WA1A1140-034,Cbl-W6F-W6_2F-14.5CM,10.0,,"Cable Wafer 4.2 Female 6P to 6+2P, Length: 14.5cm",Bare
SO25100069,P96886,POD-251412,800-EC900603-A20,Nuvo-9160GC-PoE-MB,1.0,,"Tested PCBA NVS-9006-PoE, Nuvo-9006-PoE motherboard, thermal pad and TIM. Industrial computer accessory. *RMA#RNTA250813-1",Bare
SO25100070,P96903,POD-251413,950-VT920401-A21,Nuvo-9204VTC-i9IC-65W,3.0,,"Intel® 14th/13th/12th-Gen Core™ In-Vehicle Computer (I226 version) with 4x RJ45 PoE+ ports, USB 3.2 Type-C, DIO, CAN bus and RAID. Patented Cassette for PCIe add-on card accommodation.(ALC888S Audio & EN45545)",Bare
SO25100070,P96903,POD-251413,140-A013900E-151,i9-13900E,3.0,,"Intel® Core™ i9-13900E Processor (36M Cache, up to 5.20 GHz), TDP:65W CPU, installation and burn in test included",Bare
SO25100073,NTA_INVENTORY_UPONOR,POD-251426,950-GCA10800-A30,Nuvo-10108GC,2.0,,"Industrial-grade GPU Computing Edge AI Platform Supporting an NVIDIA® RTX 40 Series Graphics Card, Intel® 14th/13th/12th-Gen Core™ Processor",Bare
SO25100073,NTA_INVENTORY_UPONOR,POD-251426,140-A00978GE-121,E-2278GE,4.0,,"Intel® Xeon E-2278GE Processor (16M Cache, up to 4.70 GHz), TDP:80W CPU, installation and burn in test included",Bare
SO25100074,NTA_ANIXTER_SO-20251412,POD-251427,93S-CK000010-000,Cblkit-M12-SEMIL1708,2.0,,"SEMIL-1708 M12 cable kit, including 8x Cbl-M12X8M-RJ45-CAT6A-500CM, 2x Cbl-M12A8M-2U2TA-180CM, 1x Cbl-M12A17M-VGA-180CM, 1x Cbl-M12A8M-2DB9M_OW2-180CM1, 1x Cbl-M12S4F-OW4-180CM1",Bare
SO25100091,NTA_INVENTORY,POD-251429,507-N2451223-047,M.242-SSD-512GB-PCIe34-TLC5WT-TD,2.0,,"M.2 SSD 512GB, Key M 2242, TLC, NVMe PCIe Gen 3x4, -40°C~+85°C, Transcend.",Bare
SO25100102,P96910,POD-251420,950-EC900613-A21,Nuvo-9006E-PoE-i9IC14-65W-DS,5.0,,"Intel® 14th/ 13th/12th -Gen Core™ Rugged Embedded Computer with 6x 2.5GbE (I226-IT)/ GbE, USB 3.2 Type-C, single-slot PCIe Cassette & MezIO® Interface, with optional IEEE 802.3at PoE+.",Bare
SO25100102,P96910,POD-251420,140-A0141490-051,i9-14900,5.0,,"Intel® Core™ i9-14900 Processor (36M Cache, up to 5.80 GHz), TDP:65W CPU, installation and burn in test included.",Bare
SO25100103,P96892,POD-251422,950-EC900613-A21,Nuvo-9006E-PoE-i9IC-65W-CA01-65,65.0,,"Intel® 14th/ 13th/12th -Gen Core™ Rugged Embedded Computer with 6x 2.5GbE (I226-IT)/ GbE, USB 3.2 Type-C, single-slot PCIe Cassette & MezIO® Interface, with optional IEEE 802.3at PoE+.",Bare
SO25100103,P96892,POD-251422,140-A013900E-151,i9-13900E,65.0,,"Intel® Core™ i9-13900E Processor (36M Cache, up to 5.20 GHz), TDP:65W CPU, installation and burn in test included",Bare
SO25100104,P96905,POD-251424,950-EC900612-A21,Nuvo-9006E-i5HC-65W,5.0,,"Intel® 14th/ 13th/12th -Gen Core™ Rugged Embedded Computer with 6x 2.5GbE (I226-IT)/ GbE, USB 3.2 Type-C, single-slot PCIe Cassette & MezIO® Interface",Bare
SO25100104,P96905,POD-251424,140-A012500E-151,i5-12500E,5.0,,"Intel® Core™ i5-12500E Processor (18M Cache, up to 2.90 GHz), TDP:65W CPU, installation and burn in test included",Bare
SO25100104,P96905,POD-251424,950-EC900613-A21,Nuvo-9006E-PoE-i5HC,5.0,,"Intel® 14th/ 13th/12th -Gen Core™ Rugged Embedded Computer with 6x 2.5GbE (I226-IT)/ GbE, USB 3.2 Type-C, single-slot PCIe Cassette & MezIO® Interface, with optional IEEE 802.3at PoE+.",Bare
SO25100104,P96905,POD-251424,140-A01250TE-151,i5-12500TE,5.0,,"Intel® Core™ i5-12500TE Processor (18M Cache, up to 4.30 GHz), TDP:35W CPU, installation and burn in test included",Bare
SO25100105,P96906,POD-251425,950-EC900612-A21,Nuvo-9006E-i5HC-65W,5.0,,"Intel® 14th/ 13th/12th -Gen Core™ Rugged Embedded Computer with 6x 2.5GbE (I226-IT)/ GbE, USB 3.2 Type-C, single-slot PCIe Cassette & MezIO® Interface",Bare
SO25100105,P96906,POD-251425,140-A012500E-151,i5-12500E,5.0,,"Intel® Core™ i5-12500E Processor (18M Cache, up to 2.90 GHz), TDP:65W CPU, installation and burn in test included",Bare
SO25100105,P96906,POD-251425,950-EC900613-A21,Nuvo-9006E-PoE-i5HC,5.0,,"Intel® 14th/ 13th/12th -Gen Core™ Rugged Embedded Computer with 6x 2.5GbE (I226-IT)/ GbE, USB 3.2 Type-C, single-slot PCIe Cassette & MezIO® Interface, with optional IEEE 802.3at PoE+.",Bare
SO25100105,P96906,POD-251425,140-A01250TE-151,i5-12500TE,5.0,,"Intel® Core™ i5-12500TE Processor (18M Cache, up to 4.30 GHz), TDP:35W CPU, installation and burn in test included",Bare
SO25100108,PO05110,POD-251428,906-PE0352P0-A31,PCIe-PoE352at,3.0,,2-port Intel® I350-AM2 server-grade Gigabit IEEE 802.3at PoE+ frame grabber card,Bare
