Order Date,QB Num,P. O. #,Name,Deliv Date,Qty(+),Item,Inventory Site
2025/07/24,POD-251046,SO-20251050,Neousys Technology Incorp.,2025/10/03,34.0,AccsyBx-6AntiVG-POC-551VTC,Drop Ship
2025/07/24,POD-251047,SO-20251051,Neousys Technology Incorp.,2025/11/21,24.0,AccsyBx-6AntiVG-POC-551VTC,Drop Ship
2025/07/24,POD-251048,SO-20251052,Neousys Technology Incorp.,2025/12/19,29.0,AccsyBx-6AntiVG-POC-551VTC,Drop Ship
2025/09/18,POD-251338,SO-20251316,Neousys Technology Incorp.,2025/10/01,1.0,AccsyBx-Cardholder-9160GC-2000E,WH01S-NTA
2025/09/08,POD-251279,SO-20251262,Neousys Technology Incorp.,2025/09/24,8.0,AccsyBx-FAN-NRU-100,WH01S-NTA
2025/09/15,POD-251324,SO-20251307,Neousys Technology Incorp.,2025/10/03,6.0,AccsyBx-FAN-Nuvo10208GC,Drop Ship
2025/09/11,POD-251304,SO-20251297,Neousys Technology Incorp.,2025/10/03,6.0,AccsyBx-FAN-POC-545,Drop Ship
2025/09/17,POD-251333,SO-20251311,Neousys Technology Incorp.,2025/10/01,20.0,Ant-RP_SMAM-WiFi-108MM,WH01S-NTA
2025/09/30,POD-251383,,Neousys Technology Incorp.,2025/10/15,20.0,Ant-RP_SMAM-WiFi-108MM,WH01S-NTA
2025/08/15,POD-251164,SO-20251167,Neousys Technology Incorp.,2025/10/01,2.0,Ant-RP_SMAM-WiFi-196MM1,WH01S-NTA
2025/08/19,POD-251180,SO-20251175,Neousys Technology Incorp.,2025/09/17,40.0,Ant-RP_SMAM-WiFi-196MM1,WH01S-NTA
2025/08/19,POD-251181,SO-20251176,Neousys Technology Incorp.,2025/09/17,40.0,Ant-RP_SMAM-WiFi-196MM1,WH01S-NTA
2025/08/19,POD-251182,SO-20251177,Neousys Technology Incorp.,2025/09/24,40.0,Ant-RP_SMAM-WiFi-196MM1,WH01S-NTA
2025/08/19,POD-251183,SO-20251178,Neousys Technology Incorp.,2025/09/17,50.0,Ant-RP_SMAM-WiFi-196MM1,WH01S-NTA
2025/08/19,POD-251184,SO-20251179,Neousys Technology Incorp.,2025/09/24,40.0,Ant-RP_SMAM-WiFi-196MM1,WH01S-NTA
2025/08/19,POD-251180,SO-20251175,Neousys Technology Incorp.,2025/09/17,40.0,Ant-SMAM-LTE,WH01S-NTA
2025/08/19,POD-251181,SO-20251176,Neousys Technology Incorp.,2025/09/17,40.0,Ant-SMAM-LTE,WH01S-NTA
2025/08/19,POD-251182,SO-20251177,Neousys Technology Incorp.,2025/09/24,40.0,Ant-SMAM-LTE,WH01S-NTA
2025/08/19,POD-251183,SO-20251178,Neousys Technology Incorp.,2025/09/17,50.0,Ant-SMAM-LTE,WH01S-NTA
2025/08/19,POD-251184,SO-20251179,Neousys Technology Incorp.,2025/09/24,40.0,Ant-SMAM-LTE,WH01S-NTA
2025/07/25,POD-251059,SO-20251032,Neousys Technology Incorp.,2025/10/22,25.0,Cbl-DB9F-3DB9M-15CM2,WH01S-NTA
2025/07/25,POD-251060,,Neousys Technology Incorp.,2025/11/19,25.0,Cbl-DB9F-3DB9M-15CM2,WH01S-NTA
2025/08/15,POD-251164,SO-20251167,Neousys Technology Incorp.,2025/10/01,4.0,Cbl-IDC085F-DB9M-30CM,WH01S-NTA
2025/08/19,POD-251180,SO-20251175,Neousys Technology Incorp.,2025/09/17,20.0,Cbl-M12A5F-OT2-B-Red-Fuse-100CM,WH01S-NTA
2025/08/19,POD-251181,SO-20251176,Neousys Technology Incorp.,2025/09/17,20.0,Cbl-M12A5F-OT2-B-Red-Fuse-100CM,WH01S-NTA
2025/08/19,POD-251182,SO-20251177,Neousys Technology Incorp.,2025/09/24,20.0,Cbl-M12A5F-OT2-B-Red-Fuse-100CM,WH01S-NTA
2025/08/19,POD-251183,SO-20251178,Neousys Technology Incorp.,2025/09/17,25.0,Cbl-M12A5F-OT2-B-Red-Fuse-100CM,WH01S-NTA
2025/08/19,POD-251184,SO-20251179,Neousys Technology Incorp.,2025/09/24,20.0,Cbl-M12A5F-OT2-B-Red-Fuse-100CM,WH01S-NTA
2025/09/01,POD-251251,SO-20251236,Neousys Technology Incorp.,2025/09/17,4.0,Cbl-M12A8M-2U2TA-180CM2,WH01S-NTA
2025/08/14,POD-251157,SO-20251145,Neousys Technology Incorp.,2025/09/03,1.0,Cbl-M12A8M-DB9F-180CM,WH01S-NTA
2025/08/21,POD-251191,SO-20251174,,2025/09/10,2.0,Cbl-M12A8M-DB9F-180CM,WH01S-NTA
2025/08/14,POD-251157,SO-20251145,Neousys Technology Incorp.,2025/09/03,2.0,Cbl-M12A8M-DB9M-180CM,WH01S-NTA
2025/08/21,POD-251191,SO-20251174,,2025/09/10,4.0,Cbl-M12A8M-DB9M-180CM,WH01S-NTA
2025/09/01,POD-251251,SO-20251236,Neousys Technology Incorp.,2025/09/17,4.0,Cbl-M12L5F-CordEnd5-180CM,WH01S-NTA
2025/09/25,POD-251368,,Neousys Technology Incorp.,2025/10/08,2.0,Cbl-M12L5F-CordEnd5-180CM,WH01S-NTA
2025/09/25,POD-251368,,Neousys Technology Incorp.,2025/10/08,3.0,Cbl-M12S4F-CordEnd4-180CM,WH01S-NTA
2025/05/05,POD-250648,SO-20250640,Neousys Technology Incorp.,2025/10/01,10.0,Cbl-M12S4F-OW4-180CM1,WH01S-NTA
2025/05/05,POD-250649,SO-20250641,Neousys Technology Incorp.,2025/11/05,10.0,Cbl-M12S4F-OW4-180CM1,WH01S-NTA
2025/05/05,POD-250650,SO-20250642,Neousys Technology Incorp.,2025/12/03,10.0,Cbl-M12S4F-OW4-180CM1,WH01S-NTA
2025/09/01,POD-251251,SO-20251236,Neousys Technology Incorp.,2025/09/17,8.0,Cbl-M12X8M-RJ45-CAT6A-500CM,WH01S-NTA
2025/09/23,POD-251359,,Neousys Technology Incorp.,2025/10/01,25.0,Cbl-MHF-RP_SMAF-30CM,WH01S-NTA
2025/09/17,POD-251333,SO-20251311,Neousys Technology Incorp.,2025/10/01,20.0,Cbl-MHF4-RP_SMAF-15CM,WH01S-NTA
2025/08/15,POD-251164,SO-20251167,Neousys Technology Incorp.,2025/10/01,2.0,Cbl-MHF4-RP_SMAF-30CM,WH01S-NTA
2025/08/19,POD-251180,SO-20251175,Neousys Technology Incorp.,2025/09/17,40.0,Cbl-MHF4-RP_SMAF-30CM,WH01S-NTA
2025/08/19,POD-251181,SO-20251176,Neousys Technology Incorp.,2025/09/17,40.0,Cbl-MHF4-RP_SMAF-30CM,WH01S-NTA
2025/08/19,POD-251182,SO-20251177,Neousys Technology Incorp.,2025/09/24,40.0,Cbl-MHF4-RP_SMAF-30CM,WH01S-NTA
2025/08/19,POD-251183,SO-20251178,Neousys Technology Incorp.,2025/09/17,50.0,Cbl-MHF4-RP_SMAF-30CM,WH01S-NTA
2025/08/19,POD-251184,SO-20251179,Neousys Technology Incorp.,2025/09/24,40.0,Cbl-MHF4-RP_SMAF-30CM,WH01S-NTA
2025/08/19,POD-251180,SO-20251175,Neousys Technology Incorp.,2025/09/17,60.0,Cbl-MHF4-SMAF-30CM,WH01S-NTA
2025/08/19,POD-251181,SO-20251176,Neousys Technology Incorp.,2025/09/17,60.0,Cbl-MHF4-SMAF-30CM,WH01S-NTA
2025/08/19,POD-251182,SO-20251177,Neousys Technology Incorp.,2025/09/24,60.0,Cbl-MHF4-SMAF-30CM,WH01S-NTA
2025/08/19,POD-251183,SO-20251178,Neousys Technology Incorp.,2025/09/17,75.0,Cbl-MHF4-SMAF-30CM,WH01S-NTA
2025/08/19,POD-251184,SO-20251179,Neousys Technology Incorp.,2025/09/24,60.0,Cbl-MHF4-SMAF-30CM,WH01S-NTA
2025/07/25,POD-251062,SO-20251044,Neousys Technology Incorp.,2025/12/24,5.0,Cbl-S68M-S68M-100CM,WH01S-NTA
2025/08/14,POD-251157,SO-20251145,Neousys Technology Incorp.,2025/09/03,1.0,Cbl-W10F-2M12A8F-40CM-IK-COM,WH01S-NTA
2025/08/21,POD-251191,SO-20251174,,2025/09/10,2.0,Cbl-W10F-2M12A8F-40CM-IK-COM,WH01S-NTA
2025/09/04,POD-251261,SO-20251248,Neousys Technology Incorp.,2025/10/08,3.0,Cbl-W20F-2M12A10F-40CM-IK-COM,WH01S-NTA
2025/10/01,POD-251396,SO-20251390,Neousys Technology Incorp.,2025/10/29,1.0,Cbl-W20F-M12A10F-40CM-IK-COM,WH01S-NTA
2025/08/14,POD-251157,SO-20251145,Neousys Technology Incorp.,2025/09/03,1.0,Cbl-W40M-M12A8F-40CM-IK-DIO1,WH01S-NTA
2025/08/21,POD-251191,SO-20251174,,2025/09/10,2.0,Cbl-W40M-M12A8F-40CM-IK-DIO1,WH01S-NTA
2025/09/04,POD-251261,SO-20251248,Neousys Technology Incorp.,2025/10/08,12.0,Cbl-W5M-M12A5F-40CM-PK-CANFD-TP,WH01S-NTA
2025/10/01,POD-251396,SO-20251390,Neousys Technology Incorp.,2025/10/29,4.0,Cbl-W5M-M12A5M-40CM-PK-CANFD-TP,WH01S-NTA
2025/08/14,POD-251157,SO-20251145,Neousys Technology Incorp.,2025/09/03,3.0,DtC-M12-WP,WH01S-NTA
2025/08/21,POD-251191,SO-20251174,,2025/09/10,6.0,DtC-M12-WP,WH01S-NTA
2025/09/04,POD-251261,SO-20251248,Neousys Technology Incorp.,2025/10/08,18.0,DtC-M12-WP,WH01S-NTA
2025/10/01,POD-251396,SO-20251390,Neousys Technology Incorp.,2025/10/29,1.0,DtC-M12-WP,WH01S-NTA
2025/10/01,POD-251396,SO-20251390,Neousys Technology Incorp.,2025/10/29,4.0,DtC-M12M-WP,WH01S-NTA
2025/08/29,POD-251248,,Neousys Technology Incorp.,2025/09/10,5.0,Gpubr-Nuvo9160-01,WH01S-NTA
2025/09/22,POD-251351,,Neousys Technology Incorp.,2025/10/16,5.0,Gpubr-Nuvo9160-01,WH01S-NTA
2025/08/15,POD-251164,SO-20251167,Neousys Technology Incorp.,2025/10/01,1.0,mPCIe-M2E,WH01S-NTA
2025/08/19,POD-251180,SO-20251175,Neousys Technology Incorp.,2025/09/17,20.0,mPCIe-M2E,WH01S-NTA
2025/08/19,POD-251181,SO-20251176,Neousys Technology Incorp.,2025/09/17,20.0,mPCIe-M2E,WH01S-NTA
2025/08/19,POD-251182,SO-20251177,Neousys Technology Incorp.,2025/09/24,20.0,mPCIe-M2E,WH01S-NTA
2025/08/19,POD-251183,SO-20251178,Neousys Technology Incorp.,2025/09/17,25.0,mPCIe-M2E,WH01S-NTA
2025/08/19,POD-251184,SO-20251179,Neousys Technology Incorp.,2025/09/24,20.0,mPCIe-M2E,WH01S-NTA
2025/09/30,POD-251383,,Neousys Technology Incorp.,2025/10/15,10.0,mPCIe-M2E,WH01S-NTA
2025/07/25,POD-251062,SO-20251044,Neousys Technology Incorp.,2025/12/24,5.0,TB-10,WH01S-NTA
2025/10/01,POD-251394,,Neousys Technology Incorp.,2025/10/16,10.0,TB-3Pole-Push,WH01S-NTA
2025/08/15,POD-251164,SO-20251167,Neousys Technology Incorp.,2025/10/01,1.0,7443P-1,WH01S-NTA
2025/09/23,POD-251360,SO-20251341,Neousys Technology Incorp.,2025/10/01,1.0,Core Ultra 9 285,WH01S-NTA
2025/09/24,POD-251362,SO-20251345,Neousys Technology Incorp.,2025/10/08,1.0,Core Ultra 9 285,WH01S-NTA
2025/08/18,POD-251172,,Neousys Technology Incorp.,2025/08/27,5.0,E-2278GE,WH01S-NTA
2025/08/28,POD-251229,SO-20251228,Neousys Technology Incorp.,2025/09/12,3.0,E-2278GE,WH02D-NTA
2025/10/01,POD-251396,SO-20251390,Neousys Technology Incorp.,2025/10/29,1.0,E-2278GE,WH01S-NTA
2025/09/12,POD-251314,A250289,Provantage LLC,2025/09/24,6.0,FAN-CPU-RM1,WH01S-NTA
2025/09/30,POD-251389,A250299,"Newegg Business, Inc.",2025/10/08,3.0,FAN-CPU-RM1,WH01S-NTA
2025/09/03,POD-251259,SO-20251249,Neousys Technology Incorp.,2025/10/31,13.0,i5-14500,Drop Ship
2025/09/12,POD-251314,A250289,Provantage LLC,2025/09/24,6.0,i5-14500,WH01S-NTA
2025/09/22,POD-251353,,Neousys Technology Incorp.,2025/10/01,1.0,i5-8500T,WH01S-NTA
2025/09/30,POD-251389,A250299,"Newegg Business, Inc.",2025/10/08,3.0,i7-12700,WH01S-NTA
2025/09/12,POD-251308,SO-20251259,Neousys Technology Incorp.,2025/10/01,1.0,i7-14700,WH01S-NTA
2025/09/08,POD-251273,,Neousys Technology Incorp.,2025/09/16,10.0,i7-9700E,WH01S-NTA
2025/09/08,POD-251278,SO-20251260,Neousys Technology Incorp.,2025/09/24,20.0,i7-9700E,WH01S-NTA
2025/05/05,POD-250648,SO-20250640,Neousys Technology Incorp.,2025/10/01,10.0,i7-9700TE,WH01S-NTA
2025/05/05,POD-250649,SO-20250641,Neousys Technology Incorp.,2025/11/05,10.0,i7-9700TE,WH01S-NTA
2025/05/05,POD-250650,SO-20250642,Neousys Technology Incorp.,2025/12/03,10.0,i7-9700TE,WH01S-NTA
2025/09/19,POD-251348,A250294r,Spectrum Sourcing,2025/11/05,4.0,i9-13900,WH01S-NTA
2025/09/04,POD-251261,SO-20251248,Neousys Technology Incorp.,2025/10/08,3.0,i9-13900E,WH01S-NTA
2025/06/03,POD-250762,A250165,Provantage LLC,2025/06/20,14.0,i9-14900,WH01S-NTA
2025/08/14,POD-251157,SO-20251145,Neousys Technology Incorp.,2025/09/03,1.0,i9-14900,WH01S-NTA
2025/08/21,POD-251191,SO-20251174,,2025/09/10,2.0,i9-14900,WH01S-NTA
2025/09/01,POD-251251,SO-20251236,Neousys Technology Incorp.,2025/09/17,2.0,i9-14900,WH01S-NTA
2025/09/08,POD-251286,SO-20251153,Neousys Technology Incorp.,2025/10/01,7.0,i9-14900,WH01S-NTA
2025/09/25,POD-251369,SO-20251348,Neousys Technology Incorp.,2025/10/22,1.0,i9-14900,WH01S-NTA
2025/08/19,POD-251180,SO-20251175,Neousys Technology Incorp.,2025/09/17,20.0,Risr-M2B-mPCIe-SIMslot,WH01S-NTA
2025/08/19,POD-251181,SO-20251176,Neousys Technology Incorp.,2025/09/17,20.0,Risr-M2B-mPCIe-SIMslot,WH01S-NTA
2025/08/19,POD-251182,SO-20251177,Neousys Technology Incorp.,2025/09/24,20.0,Risr-M2B-mPCIe-SIMslot,WH01S-NTA
2025/08/19,POD-251183,SO-20251178,Neousys Technology Incorp.,2025/09/17,25.0,Risr-M2B-mPCIe-SIMslot,WH01S-NTA
2025/08/19,POD-251184,SO-20251179,Neousys Technology Incorp.,2025/09/24,20.0,Risr-M2B-mPCIe-SIMslot,WH01S-NTA
2025/09/24,POD-251363,SO-20251343,Neousys Technology Incorp.,2025/10/15,1.0,E-mPCIe-BTWifi-WT-6218_Mod_15CM,WH01S-NTA
2025/08/14,POD-251157,SO-20251145,Neousys Technology Incorp.,2025/09/03,1.0,E-mPCIe-BTWifi-WT-6218_Mod_40CM,WH01S-NTA
2025/08/21,POD-251191,SO-20251174,,2025/09/10,2.0,E-mPCIe-BTWifi-WT-6218_Mod_40CM,WH01S-NTA
2025/09/03,POD-251259,SO-20251249,Neousys Technology Incorp.,2025/10/31,13.0,E-mPCIe-BTWifi-WT-6218_Mod_40CM,Drop Ship
2025/09/25,POD-251369,SO-20251348,Neousys Technology Incorp.,2025/10/22,1.0,E-mPCIe-BTWifi-WT-6218_Mod_40CM,WH01S-NTA
2025/09/25,POD-251369,SO-20251348,Neousys Technology Incorp.,2025/10/22,1.0,E-mPCIe-GPS-M800_Mod_40CM,WH01S-NTA
2025/08/19,POD-251180,SO-20251175,Neousys Technology Incorp.,2025/09/17,20.0,M.2-LTE-7455,WH01S-NTA
2025/08/19,POD-251181,SO-20251176,Neousys Technology Incorp.,2025/09/17,20.0,M.2-LTE-7455,WH01S-NTA
2025/08/19,POD-251182,SO-20251177,Neousys Technology Incorp.,2025/09/24,20.0,M.2-LTE-7455,WH01S-NTA
2025/08/19,POD-251183,SO-20251178,Neousys Technology Incorp.,2025/09/17,25.0,M.2-LTE-7455,WH01S-NTA
2025/08/19,POD-251184,SO-20251179,Neousys Technology Incorp.,2025/09/24,20.0,M.2-LTE-7455,WH01S-NTA
2025/08/19,POD-251180,SO-20251175,Neousys Technology Incorp.,2025/09/17,20.0,M.230-BTWIFI-AX210,WH01S-NTA
2025/08/19,POD-251181,SO-20251176,Neousys Technology Incorp.,2025/09/17,20.0,M.230-BTWIFI-AX210,WH01S-NTA
2025/08/19,POD-251182,SO-20251177,Neousys Technology Incorp.,2025/09/24,20.0,M.230-BTWIFI-AX210,WH01S-NTA
2025/08/19,POD-251183,SO-20251178,Neousys Technology Incorp.,2025/09/17,25.0,M.230-BTWIFI-AX210,WH01S-NTA
2025/08/19,POD-251184,SO-20251179,Neousys Technology Incorp.,2025/09/24,20.0,M.230-BTWIFI-AX210,WH01S-NTA
2025/09/17,POD-251333,SO-20251311,Neousys Technology Incorp.,2025/10/01,10.0,M.230-BTWIFI-AX210,WH01S-NTA
2025/09/30,POD-251383,,Neousys Technology Incorp.,2025/10/15,5.0,M.230-BTWIFI-AX210,WH01S-NTA
2025/07/25,POD-251062,SO-20251044,Neousys Technology Incorp.,2025/12/24,5.0,mPCIe-Ado-AX92905,WH01S-NTA
2025/07/25,POD-251062,SO-20251044,Neousys Technology Incorp.,2025/12/24,5.0,mPCIe-Ado-AX92905,WH01S-NTA
2025/10/01,POD-251396,SO-20251390,Neousys Technology Incorp.,2025/10/29,1.0,mPCIe-COM-2RS232-X203,WH01S-NTA
2025/08/14,POD-251157,SO-20251145,Neousys Technology Incorp.,2025/09/03,1.0,mPCIe-COM-2RS422/485-X202,WH01S-NTA
2025/08/21,POD-251191,SO-20251174,,2025/09/10,2.0,mPCIe-COM-2RS422/485-X202,WH01S-NTA
2025/09/04,POD-251261,SO-20251248,Neousys Technology Incorp.,2025/10/08,3.0,mPCIe-COM-4RS232/422/485-X404,WH01S-NTA
2025/08/29,POD-251244,,Neousys Technology Incorp.,2025/09/10,5.0,mPCIeHS-BTWifi-WT-6218,WH01S-NTA
2025/08/15,POD-251164,SO-20251167,Neousys Technology Incorp.,2025/10/01,1.0,Cbl-RAID-9540-4i,WH01S-NTA
2025/09/30,POD-251388,A250298,PhyTools,2025/10/07,2.0,mPCIe-CAN-IPEH-3049,WH01S-NTA
2025/10/01,POD-251402,A250303,PhyTools,2025/10/09,1.0,mPCIe-CAN-IPEH-4047,WH01S-NTA
2025/08/14,POD-251157,SO-20251145,Neousys Technology Incorp.,2025/09/03,1.0,mPCIe-DIO-0D01,WH01S-NTA
2025/08/21,POD-251191,SO-20251174,,2025/09/10,2.0,mPCIe-DIO-0D01,WH01S-NTA
2025/09/24,POD-251366,SO-20251351,Neousys Technology Incorp.,2025/10/10,5.0,PCIe-10G550X,Drop Ship
2025/09/30,POD-251383,,Neousys Technology Incorp.,2025/10/15,10.0,PCIe-PoE352at,WH01S-NTA
2025/08/15,POD-251164,SO-20251167,Neousys Technology Incorp.,2025/10/01,1.0,PCIe-PoE354at-1,WH01S-NTA
2025/09/26,POD-251371,,Neousys Technology Incorp.,2025/10/16,10.0,PCIe-PoE550X,WH01S-NTA
2025/08/15,POD-251164,SO-20251167,Neousys Technology Incorp.,2025/10/01,1.0,PCIe-USB380,WH01S-NTA
2025/09/30,POD-251380,,Neousys Technology Incorp.,2025/10/15,35.0,GC-RTX2000Ada-Nvidia,WH01S-NTA
2025/09/30,POD-251393,A250302,Genoedge Corporation DBA SabrePC.COM,2025/10/09,8.0,GC-RTX4000SFFAda-PNY,WH01S-NTA
2025/09/18,POD-251337,SO-20251314,Neousys Technology Incorp.,2025/10/08,2.0,LTN-452(EA),WH01S-NTA
2025/07/25,POD-251059,SO-20251032,Neousys Technology Incorp.,2025/10/22,25.0,DDR3L-4GB-WT18-DL1,WH01S-NTA
2025/07/25,POD-251060,,Neousys Technology Incorp.,2025/11/19,25.0,DDR3L-4GB-WT18-DL1,WH01S-NTA
2025/05/05,POD-250648,SO-20250640,Neousys Technology Incorp.,2025/10/01,10.0,DDR4-16GB-32-SM,WH01S-NTA
2025/05/05,POD-250649,SO-20250641,Neousys Technology Incorp.,2025/11/05,10.0,DDR4-16GB-32-SM,WH01S-NTA
2025/05/05,POD-250650,SO-20250642,Neousys Technology Incorp.,2025/12/03,10.0,DDR4-16GB-32-SM,WH01S-NTA
2025/09/08,POD-251278,SO-20251260,Neousys Technology Incorp.,2025/09/24,20.0,DDR4-16GB-32-SM,WH01S-NTA
2025/08/28,POD-251229,SO-20251228,Neousys Technology Incorp.,2025/09/12,6.0,DDR4-32GB-ECC26WT-DL,WH02D-NTA
2025/10/01,POD-251396,SO-20251390,Neousys Technology Incorp.,2025/10/29,1.0,DDR4-32GB-ECC26WT-DL,WH01S-NTA
2025/08/28,POD-251229,SO-20251228,Neousys Technology Incorp.,2025/09/12,2.0,DDR4-32GB-ECC32WT-IK,WH02D-NTA
2025/08/28,POD-251229,SO-20251228,Neousys Technology Incorp.,2025/09/12,2.0,DDR4-32GB-ECC32WT-SM,WH02D-NTA
2025/08/28,POD-251229,SO-20251228,Neousys Technology Incorp.,2025/09/12,2.0,DDR4-32GB-ECC32WT-SP,WH02D-NTA
2025/08/28,POD-251229,SO-20251228,Neousys Technology Incorp.,2025/09/12,2.0,DDR4-32GB-ECC32WT-TD,WH02D-NTA
2025/09/17,POD-251333,SO-20251311,Neousys Technology Incorp.,2025/10/01,10.0,DDR4-32GB-WT32-SM,WH01S-NTA
2025/09/30,POD-251377,,Neousys Technology Incorp.,2025/09/30,1.0,DDR4-32GB-WT32-SM,WH01S-NTA
2025/09/30,POD-251378,SO-20251367,Neousys Technology Incorp.,2025/10/15,10.0,DDR4-32GB-WT32-SM,WH01S-NTA
2025/09/30,POD-251379,SO-20251368,Neousys Technology Incorp.,2025/10/15,30.0,DDR4-32GB-WT32-SM,WH01S-NTA
2025/07/25,POD-251062,SO-20251044,Neousys Technology Incorp.,2025/12/24,5.0,DDR5-16GB-56-SM,WH01S-NTA
2025/07/25,POD-251062,SO-20251044,Neousys Technology Incorp.,2025/12/24,5.0,DDR5-16GB-56-SM,WH01S-NTA
2025/09/03,POD-251259,SO-20251249,Neousys Technology Incorp.,2025/10/31,13.0,DDR5-16GB-56-SM,Drop Ship
2025/09/08,POD-251286,SO-20251153,Neousys Technology Incorp.,2025/10/01,14.0,DDR5-16GB-56WT-SM,WH01S-NTA
2025/08/14,POD-251157,SO-20251145,Neousys Technology Incorp.,2025/09/03,2.0,DDR5-32GB-48WT-SM,WH01S-NTA
2025/08/21,POD-251191,SO-20251174,,2025/09/10,4.0,DDR5-32GB-48WT-SM,WH01S-NTA
2025/09/01,POD-251251,SO-20251236,Neousys Technology Incorp.,2025/09/17,4.0,DDR5-32GB-48WT-SM,WH01S-NTA
2025/09/04,POD-251261,SO-20251248,Neousys Technology Incorp.,2025/10/08,6.0,DDR5-32GB-48WT-SM,WH01S-NTA
2025/09/25,POD-251369,SO-20251348,Neousys Technology Incorp.,2025/10/22,2.0,DDR5-32GB-48WT-SM,WH01S-NTA
2025/09/12,POD-251308,SO-20251259,Neousys Technology Incorp.,2025/10/01,2.0,DDR5-32GB-56WT-SM,WH01S-NTA
2025/09/30,POD-251381,,Neousys Technology Incorp.,2025/10/15,3.0,DDR5-8GB-56-SM,WH01S-NTA
2025/08/26,POD-251212,,Neousys Technology Incorp.,2025/09/10,10.0,DDR5-8GB-56WT-SM,WH01S-NTA
2025/08/15,POD-251164,SO-20251167,Neousys Technology Incorp.,2025/10/01,2.0,RDDR4-64GB-ECC32-SM,WH01S-NTA
2025/09/17,POD-251333,SO-20251311,Neousys Technology Incorp.,2025/10/01,10.0,MezIO-V20,WH01S-NTA
2025/09/30,POD-251383,,Neousys Technology Incorp.,2025/10/15,10.0,MezIO-V20,WH01S-NTA
2025/09/29,POD-251376,SO-20251379,Neousys Technology Incorp.,2025/10/17,12.0,Miokit-D220-POC-O,Drop Ship
2025/09/22,POD-251355,SO-20251340,Neousys Technology Incorp.,2025/10/10,8.0,Miokit-D220-POC400,Drop Ship
2025/09/16,POD-251326,SO-20251308,Neousys Technology Incorp.,2025/10/03,140.0,Miokit-R12-POC300,Drop Ship
2025/08/25,POD-251211,SO-0251204,Neousys Technology Incorp.,2025/10/08,50.0,DINRAIL-31,Drop Ship
2025/08/25,POD-251211,SO-0251204,Neousys Technology Incorp.,2025/10/08,20.0,DINRAIL-O,Drop Ship
2025/09/08,POD-251278,SO-20251260,Neousys Technology Incorp.,2025/09/24,20.0,DINRAIL-O,WH01S-NTA
2025/09/23,POD-251361,SO-20251346,Neousys Technology Incorp.,2025/10/10,10.0,DINRAIL-O,Drop Ship
2025/09/22,POD-251352,SO-20251333,Neousys Technology Incorp.,2025/10/08,5.0,Dmpbr-Nuvo9160,WH01S-NTA
2025/08/26,POD-251221,SO-20251217,Neousys Technology Incorp.,2025/10/08,42.0,Wmkit-H-Nuvo9501,Drop Ship
2025/09/09,POD-251287,SO-20251265,Neousys Technology Incorp.,2025/09/24,1.0,Wmkit-H-POC300_400,WH01S-NTA
2025/09/16,POD-251327,SO-20251309,Neousys Technology Incorp.,2025/10/03,140.0,Wmkit-H-POC300_400,Drop Ship
2025/09/17,POD-251333,SO-20251311,Neousys Technology Incorp.,2025/10/01,10.0,Wmkit-H-POC300_400,WH01S-NTA
2025/09/08,POD-251274,SO-20251254,Neousys Technology Incorp.,2025/09/24,10.0,Wmkit-H-POC500,WH01S-NTA
2025/09/30,POD-251385,,Neousys Technology Incorp.,2025/10/15,3.0,Wmkit-NRU-50,WH01S-NTA
2025/09/30,POD-251378,SO-20251367,Neousys Technology Incorp.,2025/10/15,10.0,Wmkit-POC465AWP,WH01S-NTA
2025/09/30,POD-251379,SO-20251368,Neousys Technology Incorp.,2025/10/15,30.0,Wmkit-POC465AWP,WH01S-NTA
2025/09/16,POD-251327,SO-20251309,Neousys Technology Incorp.,2025/10/03,140.0,Wmkit-V-POC300_400,Drop Ship
2025/09/18,POD-251340,,Neousys Technology Incorp.,2025/10/15,6.0,Wmkit-V-POC300_400,WH01S-NTA
2025/09/18,POD-251337,SO-20251314,Neousys Technology Incorp.,2025/10/08,4.0,Wmkit-V-POC500,WH01S-NTA
2025/09/30,POD-251382,,Neousys Technology Incorp.,2025/10/15,2.0,AC-IMX390-H120,WH01S-NTA
2025/08/29,POD-251238,SO-20251222,Neousys Technology Incorp.,2025/09/17,12.0,AC-IMX390-H190,WH01S-NTA
2025/10/01,POD-251395,SO-20251385,Neousys Technology Incorp.,2025/10/22,12.0,AC-IMX390-H190,WH01S-NTA
2025/09/30,POD-251382,,Neousys Technology Incorp.,2025/10/15,1.0,AC-IMX390-H60,WH01S-NTA
2025/08/29,POD-251238,SO-20251222,Neousys Technology Incorp.,2025/09/17,1.0,AC-IMX490-H120,WH01S-NTA
2025/08/29,POD-251238,SO-20251222,Neousys Technology Incorp.,2025/09/17,1.0,AC-IMX490-H60,WH01S-NTA
2025/09/25,POD-251368,,Neousys Technology Incorp.,2025/10/08,3.0,AC-ISX031-H60,WH01S-NTA
2025/08/06,POD-251122,SO-20251113,Neousys Technology Incorp.,2025/10/08,10.0,Cblkit-BP-NRU-230V-AWP,WH01S-NTA
2025/08/06,POD-251123,SO-20251113,Neousys Technology Incorp.,2025/10/15,15.0,Cblkit-BP-NRU-230V-AWP,WH01S-NTA
2025/08/08,POD-251139,SO-20251126,Neousys Technology Incorp.,2025/09/03,2.0,Cblkit-BP-NRU-230V-AWP,WH01S-NTA
2025/08/26,POD-251215,SO-20251196,Neousys Technology Incorp.,2025/08/26,1.0,Cblkit-BP-NRU-230V-AWP,WH01S-NTA
2025/09/15,POD-251323,,Neousys Technology Incorp.,2025/10/01,4.0,Cblkit-BP-NRU-230V-AWP,WH01S-NTA
2025/08/06,POD-251122,SO-20251113,Neousys Technology Incorp.,2025/10/08,10.0,Cblkit-FP-NRU-230V-AWP_NRU-240S-AWP,WH01S-NTA
2025/08/06,POD-251123,SO-20251113,Neousys Technology Incorp.,2025/10/15,15.0,Cblkit-FP-NRU-230V-AWP_NRU-240S-AWP,WH01S-NTA
2025/08/07,POD-251129,SO-20251111,Neousys Technology Incorp.,2025/09/24,1.0,Cblkit-FP-NRU-230V-AWP_NRU-240S-AWP,WH01S-NTA
2025/08/08,POD-251139,SO-20251126,Neousys Technology Incorp.,2025/09/03,2.0,Cblkit-FP-NRU-230V-AWP_NRU-240S-AWP,WH01S-NTA
2025/09/15,POD-251323,,Neousys Technology Incorp.,2025/10/01,4.0,Cblkit-FP-NRU-230V-AWP_NRU-240S-AWP,WH01S-NTA
2025/09/18,POD-251342,SO-20251327,Neousys Technology Incorp.,2025/10/03,1.0,Cblkit-FP-NRU-230V-AWP_NRU-240S-AWP,Drop Ship
2025/07/31,POD-251094,SO-20251053,Neousys Technology Incorp.,2025/09/17,1.0,Cblkit-NRU-162S-AWP,WH01S-NTA
2025/09/15,POD-251323,,Neousys Technology Incorp.,2025/10/01,2.0,Cblkit-NRU-162S-AWP,WH01S-NTA
2025/09/24,POD-251363,SO-20251343,Neousys Technology Incorp.,2025/10/15,1.0,Cblkit-NRU-171V-PPC,WH01S-NTA
2025/09/25,POD-251368,,Neousys Technology Incorp.,2025/10/08,1.0,FK-FF-CABLE-7M,WH01S-NTA
2025/09/24,POD-251363,SO-20251343,Neousys Technology Incorp.,2025/10/15,1.0,FPnl-3Ant-NRU-170-PPC series,WH01S-NTA
2025/08/29,POD-251238,SO-20251222,Neousys Technology Incorp.,2025/09/17,7.0,GC-J-A64GB-O-Industrial-Nvidia,WH01S-NTA
2025/08/19,POD-251180,SO-20251175,Neousys Technology Incorp.,2025/09/17,20.0,GC-Jetson-AGX32GB-Orin-Nvidia,WH01S-NTA
2025/08/19,POD-251181,SO-20251176,Neousys Technology Incorp.,2025/09/17,20.0,GC-Jetson-AGX32GB-Orin-Nvidia,WH01S-NTA
2025/08/19,POD-251182,SO-20251177,Neousys Technology Incorp.,2025/09/24,20.0,GC-Jetson-AGX32GB-Orin-Nvidia,WH01S-NTA
2025/08/19,POD-251183,SO-20251178,Neousys Technology Incorp.,2025/09/17,25.0,GC-Jetson-AGX32GB-Orin-Nvidia,WH01S-NTA
2025/08/19,POD-251184,SO-20251179,Neousys Technology Incorp.,2025/09/24,20.0,GC-Jetson-AGX32GB-Orin-Nvidia,WH01S-NTA
2025/08/29,POD-251238,SO-20251222,Neousys Technology Incorp.,2025/09/17,9.0,GC-Jetson-AGX64GB-Orin-Nvidia,WH01S-NTA
2025/09/12,POD-251307,SO-20251290,Neousys Technology Incorp.,2025/09/24,1.0,GC-Jetson-AGX64GB-Orin-Nvidia,WH01S-NTA
2025/09/15,POD-251320,,Neousys Technology Incorp.,2025/10/01,3.0,GC-Jetson-AGX64GB-Orin-Nvidia,WH01S-NTA
2025/09/18,POD-251342,SO-20251327,Neousys Technology Incorp.,2025/10/03,1.0,GC-Jetson-AGX64GB-Orin-Nvidia,Drop Ship
2025/10/01,POD-251395,SO-20251385,Neousys Technology Incorp.,2025/10/22,8.0,GC-Jetson-AGX64GB-Orin-Nvidia,WH01S-NTA
2025/09/08,POD-251279,SO-20251262,Neousys Technology Incorp.,2025/09/24,4.0,NRU-120S-AGX32G,WH01S-NTA
2025/09/11,POD-251300,SO-20251287,Neousys Technology Incorp.,2025/09/24,1.0,NRU-120S-AGX32G,WH01S-NTA
2025/09/09,POD-251293,SO-20251285,Neousys Technology Incorp.,2025/09/26,2.0,NRU-156-JON16-NS,Drop Ship
2025/09/15,POD-251320,,Neousys Technology Incorp.,2025/10/01,1.0,NRU-162S-AWP,WH01S-NTA
2025/09/24,POD-251363,SO-20251343,Neousys Technology Incorp.,2025/10/15,1.0,NRU-171V-PPC-JON16-NS,WH01S-NTA
2025/09/12,POD-251307,SO-20251290,Neousys Technology Incorp.,2025/09/24,1.0,NRU-220S,WH01S-NTA
2025/09/15,POD-251320,,Neousys Technology Incorp.,2025/10/01,3.0,NRU-220S,WH01S-NTA
2025/08/19,POD-251180,SO-20251175,Neousys Technology Incorp.,2025/09/17,20.0,NRU-222S,WH01S-NTA
2025/08/19,POD-251181,SO-20251176,Neousys Technology Incorp.,2025/09/17,20.0,NRU-222S,WH01S-NTA
2025/08/19,POD-251182,SO-20251177,Neousys Technology Incorp.,2025/09/24,20.0,NRU-222S,WH01S-NTA
2025/08/19,POD-251183,SO-20251178,Neousys Technology Incorp.,2025/09/17,25.0,NRU-222S,WH01S-NTA
2025/08/19,POD-251184,SO-20251179,Neousys Technology Incorp.,2025/09/24,20.0,NRU-222S,WH01S-NTA
2025/09/05,POD-251268,SO-20251267,Neousys Technology Incorp.,2025/10/31,3.0,NRU-222S-JAO32G,Drop Ship
2025/09/05,POD-251270,SO-20251268,Neousys Technology Incorp.,2025/10/31,3.0,NRU-222S-JAO32G,Drop Ship
2025/09/30,POD-251386,SO-20251386,Neousys Technology Incorp.,2025/10/17,11.0,NRU-222S-JAO32G,Drop Ship
2025/08/29,POD-251238,SO-20251222,Neousys Technology Incorp.,2025/09/17,7.0,NRU-230V-AWP,WH01S-NTA
2025/08/29,POD-251238,SO-20251222,Neousys Technology Incorp.,2025/09/17,9.0,NRU-230V-AWP,WH01S-NTA
2025/09/15,POD-251320,,Neousys Technology Incorp.,2025/10/01,4.0,NRU-230V-AWP,WH01S-NTA
2025/10/01,POD-251395,SO-20251385,Neousys Technology Incorp.,2025/10/22,8.0,NRU-230V-AWP,WH01S-NTA
2025/08/06,POD-251122,SO-20251113,Neousys Technology Incorp.,2025/10/08,10.0,NRU-230V-AWP-JAO64G,WH01S-NTA
2025/08/06,POD-251123,SO-20251113,Neousys Technology Incorp.,2025/10/15,15.0,NRU-230V-AWP-JAO64G,WH01S-NTA
2025/09/18,POD-251342,SO-20251327,Neousys Technology Incorp.,2025/10/03,1.0,NRU-240S-AWP,Drop Ship
2025/09/30,POD-251385,,Neousys Technology Incorp.,2025/10/15,3.0,NRU-52S-NX16G,WH01S-NTA
2025/09/16,POD-251325,,Neousys Technology Incorp.,2025/10/01,3.0,Nuvo-10003,WH01S-NTA
2025/09/12,POD-251308,SO-20251259,Neousys Technology Incorp.,2025/10/01,1.0,Nuvo-10007-CTI,WH01S-NTA
2025/09/08,POD-251276,,Neousys Technology Incorp.,2025/09/24,2.0,Nuvo-10108GC-10G,WH01S-NTA
2025/09/15,POD-251320,,Neousys Technology Incorp.,2025/10/01,2.0,Nuvo-10108GC-10G,WH01S-NTA
2025/09/08,POD-251280,SO-20251271,Neousys Technology Incorp.,2025/10/17,3.0,Nuvo-10108GC-10G-i9IC-65W,Drop Ship
2025/09/09,POD-251291,SO-20251279,Neousys Technology Incorp.,2025/10/17,3.0,Nuvo-10108GC-10G-i9IC-65W,Drop Ship
2025/09/12,POD-251311,SO-20251301,Neousys Technology Incorp.,2025/10/17,6.0,Nuvo-10108GC-10G-i9IC14-65W-DS,Drop Ship
2025/09/30,POD-251387,SO-20251387,Neousys Technology Incorp.,2025/10/17,4.0,Nuvo-10108GC-i9IC-65W,Drop Ship
2025/09/12,POD-251311,SO-20251301,Neousys Technology Incorp.,2025/10/17,6.0,Nuvo-10108GC-i9IC14-65W-DS,Drop Ship
2025/09/15,POD-251316,,Neousys Technology Incorp.,2025/10/01,2.0,Nuvo-10208GC,WH01S-NTA
2025/09/30,POD-251380,,Neousys Technology Incorp.,2025/10/15,2.0,Nuvo-10208GC,WH01S-NTA
2025/09/15,POD-251320,,Neousys Technology Incorp.,2025/10/01,8.0,Nuvo-10208GC-10G,WH01S-NTA
2025/09/12,POD-251312,SO-20251302,Neousys Technology Incorp.,2025/10/31,4.0,Nuvo-10208GC-10G-i9IC14-65W-DS,Drop Ship
2025/09/12,POD-251312,SO-20251302,Neousys Technology Incorp.,2025/10/31,4.0,Nuvo-10208GC-i9IC14-65W-DS,Drop Ship
2025/08/27,POD-251224,,Neousys Technology Incorp.,2025/10/15,4.0,Nuvo-11006E,WH01S-NTA
2025/08/27,POD-251224,,Neousys Technology Incorp.,2025/10/15,4.0,Nuvo-11006E-PoE,WH01S-NTA
2025/08/27,POD-251224,,Neousys Technology Incorp.,2025/10/15,4.0,Nuvo-11006E-PoE-10G,WH01S-NTA
2025/09/09,POD-251292,SO-20251277,Neousys Technology Incorp.,2025/09/26,2.0,Nuvo-11006E-U9IC-35W-DS,Drop Ship
2025/08/27,POD-251224,,Neousys Technology Incorp.,2025/10/15,4.0,Nuvo-11006LP,WH01S-NTA
2025/08/27,POD-251224,,Neousys Technology Incorp.,2025/10/15,4.0,Nuvo-11006LP-PoE,WH01S-NTA
2025/08/27,POD-251224,,Neousys Technology Incorp.,2025/10/15,4.0,Nuvo-11006LP-PoE-10G,WH01S-NTA
2025/08/27,POD-251224,,Neousys Technology Incorp.,2025/10/15,4.0,Nuvo-11531,WH01S-NTA
2025/09/22,POD-251354,SO-20251336,Neousys Technology Incorp.,2025/10/10,1.0,Nuvo-11531,Drop Ship
2025/08/27,POD-251224,,Neousys Technology Incorp.,2025/10/15,4.0,Nuvo-11531-PoE,WH01S-NTA
2025/08/21,POD-251193,SO-20251181,Neousys Technology Incorp.,2025/10/23,1.0,Nuvo-5608VR-i7QC-65W,Drop Ship
2025/08/29,POD-251246,SO-20251227,Neousys Technology Incorp.,2025/09/10,1.0,Nuvis-7306RT-DTIO(EA),WH01S-NTA
2025/09/15,POD-251318,SO-20251299,Neousys Technology Incorp.,2025/10/01,1.0,Nuvis-7306RT-DTIO(EA),WH01S-NTA
2025/09/08,POD-251278,SO-20251260,Neousys Technology Incorp.,2025/09/24,20.0,Nuvo-7006LP,WH01S-NTA
2025/09/16,POD-251329,SO-20251312,Neousys Technology Incorp.,2025/10/03,1.0,Nuvo-7006P-PoE-i7HC,Drop Ship
2025/09/15,POD-251316,,Neousys Technology Incorp.,2025/10/01,4.0,Nuvo-7501,WH01S-NTA
2025/08/28,POD-251233,SO-20251234,Neousys Technology Incorp.,2025/09/18,1.0,Nuvo-7531-i7OCG9,Drop Ship
2025/08/29,POD-251237,SO-20251220,Neousys Technology Incorp.,2025/09/10,8.0,Nuvo-8108GC-QD-A6,WH01S-NTA
2025/09/03,POD-251255,,Neousys Technology Incorp.,2025/09/22,4.0,Nuvo-9002LP,WH01S-NTA
2025/09/16,POD-251330,SO-20251315,Neousys Technology Incorp.,2025/10/03,12.0,Nuvo-9002LP,Drop Ship
2025/08/29,POD-251248,,Neousys Technology Incorp.,2025/09/10,5.0,Nuvo-9006DE-PoE-UL,WH01S-NTA
2025/09/11,POD-251298,,Neousys Technology Incorp.,2025/09/24,4.0,Nuvo-9006DE-PoE-UL,WH01S-NTA
2025/09/22,POD-251351,,Neousys Technology Incorp.,2025/10/16,6.0,Nuvo-9006DE-PoE-UL,WH01S-NTA
2025/10/01,POD-251394,,Neousys Technology Incorp.,2025/10/16,5.0,Nuvo-9006DE-PoE-UL,WH01S-NTA
2025/09/15,POD-251321,,Neousys Technology Incorp.,2025/10/01,2.0,Nuvo-9006E,WH01S-NTA
2025/09/10,POD-251296,SO-20251288,Neousys Technology Incorp.,2025/10/17,2.0,Nuvo-9006E-i9IC-65W,Drop Ship
2025/09/15,POD-251315,SO-20251296,Neousys Technology Incorp.,2025/10/01,6.0,Nuvo-9006E-PoE-UL,WH01S-NTA
2025/09/26,POD-251372,,Neousys Technology Incorp.,2025/10/16,3.0,Nuvo-9006E-PoE-UL,WH01S-NTA
2025/09/08,POD-251282,SO-20251272,Neousys Technology Incorp.,2025/10/08,4.0,Nuvo-9006E-UL,Drop Ship
2025/09/09,POD-251288,,Neousys Technology Incorp.,2025/09/24,2.0,Nuvo-9006LP,WH01S-NTA
2025/09/18,POD-251339,,Neousys Technology Incorp.,2025/10/15,2.0,Nuvo-9006LP,WH01S-NTA
2025/10/01,POD-251398,SO-20251403,Neousys Technology Incorp.,2025/10/17,10.0,Nuvo-9006LP,Drop Ship
2025/10/01,POD-251399,SO-20251404,Neousys Technology Incorp.,2025/10/17,2.0,Nuvo-9006LP,Drop Ship
2025/09/22,POD-251356,SO-20251339,Neousys Technology Incorp.,2025/10/31,10.0,Nuvo-9006LP-i5HC,Drop Ship
2025/09/02,POD-251254,SO-20251245,Neousys Technology Incorp.,2025/10/08,5.0,Nuvo-9006LP-PoE,Drop Ship
2025/09/11,POD-251302,SO-20251293,Neousys Technology Incorp.,2025/10/15,5.0,Nuvo-9006LP-PoE,Drop Ship
2025/09/11,POD-251303,SO-20251292,Neousys Technology Incorp.,2025/10/17,6.0,Nuvo-9006LP-PoE-i5HC,Drop Ship
2025/08/26,POD-251220,SO-20251209,Neousys Technology Incorp.,2025/10/09,4.0,Nuvo-9006LP-PoE-i9HC,Drop Ship
2025/08/26,POD-251220,SO-20251209,Neousys Technology Incorp.,2025/10/09,2.0,Nuvo-9006LP-PoE-i9IC14-65W-DS,Drop Ship
2025/09/29,POD-251376,SO-20251379,Neousys Technology Incorp.,2025/10/17,4.0,Nuvo-9006LP-PoE-i9IC14-65W-DS,Drop Ship
2025/08/29,POD-251247,SO-20251229,Neousys Technology Incorp.,2025/09/17,6.0,Nuvo-9160GC-PoE,WH01S-NTA
2025/09/15,POD-251321,,Neousys Technology Incorp.,2025/10/01,7.0,Nuvo-9160GC-PoE,WH01S-NTA
2025/09/30,POD-251392,SO-20251396,Neousys Technology Incorp.,2025/10/17,3.0,Nuvo-9204VTC-i9IC-65W,Drop Ship
2025/09/22,POD-251351,,Neousys Technology Incorp.,2025/10/16,2.0,Nuvo-9208VTC,WH01S-NTA
2025/08/26,POD-251221,SO-20251217,Neousys Technology Incorp.,2025/10/08,42.0,Nuvo-9501,Drop Ship
2025/09/11,POD-251298,,Neousys Technology Incorp.,2025/09/24,2.0,Nuvo-9501,WH01S-NTA
2025/09/15,POD-251321,,Neousys Technology Incorp.,2025/10/01,2.0,Nuvo-9501,WH01S-NTA
2025/09/16,POD-251328,SO-20251313,Neousys Technology Incorp.,2025/10/08,30.0,Nuvo-9501,Drop Ship
2025/09/12,POD-251306,SO-20251294,Neousys Technology Incorp.,2025/09/24,1.0,Nuvo-9531-FT,WH01S-NTA
2025/09/16,POD-251325,,Neousys Technology Incorp.,2025/10/01,1.0,Nuvo-9531-FT,WH01S-NTA
2025/09/29,POD-251374,SO-20251373,Neousys Technology Incorp.,2025/10/17,5.0,Nuvo-9531-i3QC,Drop Ship
2025/09/29,POD-251375,SO-20251374,Neousys Technology Incorp.,2025/10/17,5.0,Nuvo-9531-i3QC,Drop Ship
2025/09/08,POD-251275,SO-20251253,Neousys Technology Incorp.,2025/10/01,8.0,Nuvo-9531-PoE,WH01S-NTA
2025/09/29,POD-251374,SO-20251373,Neousys Technology Incorp.,2025/10/17,5.0,Nuvo-9531-PoE-i3QC,Drop Ship
2025/09/29,POD-251375,SO-20251374,Neousys Technology Incorp.,2025/10/17,5.0,Nuvo-9531-PoE-i3QC,Drop Ship
2025/09/19,POD-251346,SO-20251334,Neousys Technology Incorp.,2025/10/03,3.0,Nuvo-9531-PoE-i9IC,Drop Ship
2025/09/18,POD-251343,SO-20251328,Neousys Technology Incorp.,2025/10/03,4.0,POC-300,Drop Ship
2025/07/25,POD-251059,SO-20251032,Neousys Technology Incorp.,2025/10/22,25.0,POC-330,WH01S-NTA
2025/07/25,POD-251060,,Neousys Technology Incorp.,2025/11/19,25.0,POC-330,WH01S-NTA
2025/09/22,POD-251357,SO-20251342,Neousys Technology Incorp.,2025/10/10,4.0,POC-330,Drop Ship
2025/08/26,POD-251222,SO-20251218,Neousys Technology Incorp.,2025/10/09,5.0,POC-351VTC,Drop Ship
2025/09/30,POD-251378,SO-20251367,Neousys Technology Incorp.,2025/10/15,10.0,Cblkit-M12-POC-465AWP,WH01S-NTA
2025/09/30,POD-251379,SO-20251368,Neousys Technology Incorp.,2025/10/15,30.0,Cblkit-M12-POC-465AWP,WH01S-NTA
2025/09/18,POD-251340,,Neousys Technology Incorp.,2025/10/15,1.0,POC-40,WH01S-NTA
2025/09/26,POD-251373,SO-20251357,Neousys Technology Incorp.,2025/10/16,4.0,POC-40+IGN,WH01S-NTA
2025/09/09,POD-251287,SO-20251265,Neousys Technology Incorp.,2025/09/24,1.0,POC-400,WH01S-NTA
2025/09/15,POD-251321,,Neousys Technology Incorp.,2025/10/01,1.0,POC-400,WH01S-NTA
2025/09/16,POD-251326,SO-20251308,Neousys Technology Incorp.,2025/10/03,140.0,POC-400,Drop Ship
2025/09/17,POD-251333,SO-20251311,Neousys Technology Incorp.,2025/10/01,10.0,POC-400,WH01S-NTA
2025/09/24,POD-251367,SO-20251352,Neousys Technology Incorp.,2025/10/10,5.0,POC-400,Drop Ship
2025/09/02,POD-251253,SO-20251244,Neousys Technology Incorp.,2025/10/03,5.0,POC-410,Drop Ship
2025/09/26,POD-251371,,Neousys Technology Incorp.,2025/10/16,8.0,POC-410,WH01S-NTA
2025/09/30,POD-251378,SO-20251367,Neousys Technology Incorp.,2025/10/15,10.0,POC-465AWP,WH01S-NTA
2025/09/30,POD-251379,SO-20251368,Neousys Technology Incorp.,2025/10/15,30.0,POC-465AWP,WH01S-NTA
2025/08/26,POD-251219,SO-20251212,Neousys Technology Incorp.,2025/10/09,5.0,POC-515,Drop Ship
2025/09/15,POD-251321,,Neousys Technology Incorp.,2025/10/01,1.0,POC-515,WH01S-NTA
2025/09/02,POD-251252,SO-20251243,Neousys Technology Incorp.,2025/10/09,10.0,POC-545,Drop Ship
2025/09/18,POD-251337,SO-20251314,Neousys Technology Incorp.,2025/10/08,2.0,POC-545,WH01S-NTA
2025/07/24,POD-251046,SO-20251050,Neousys Technology Incorp.,2025/10/03,34.0,POC-551VTC-GLE50-FP,Drop Ship
2025/07/24,POD-251047,SO-20251051,Neousys Technology Incorp.,2025/11/21,24.0,POC-551VTC-GLE50-FP,Drop Ship
2025/07/24,POD-251048,SO-20251052,Neousys Technology Incorp.,2025/12/19,29.0,POC-551VTC-GLE50-FP,Drop Ship
2025/09/15,POD-251321,,Neousys Technology Incorp.,2025/10/01,1.0,POC-712,WH01S-NTA
2025/09/30,POD-251384,,Neousys Technology Incorp.,2025/10/15,6.0,POC-712,WH01S-NTA
2025/09/08,POD-251274,SO-20251254,Neousys Technology Incorp.,2025/09/24,5.0,POC-712-UL,WH01S-NTA
2025/09/15,POD-251321,,Neousys Technology Incorp.,2025/10/01,2.0,POC-712-UL,WH01S-NTA
2025/09/30,POD-251381,,Neousys Technology Incorp.,2025/10/15,3.0,POC-712-UL,WH01S-NTA
2025/07/25,POD-251062,SO-20251044,Neousys Technology Incorp.,2025/12/24,5.0,POC-715-CGN1,WH01S-NTA
2025/07/25,POD-251062,SO-20251044,Neousys Technology Incorp.,2025/12/24,5.0,POC-715-CGN2,WH01S-NTA
2025/10/01,POD-251397,,Neousys Technology Incorp.,2025/10/22,1.0,POC-751VTC,WH01S-NTA
2025/08/28,POD-251229,SO-20251228,Neousys Technology Incorp.,2025/09/12,3.0,Cbl-PC-TW-180CM1,WH02D-NTA
2025/09/09,POD-251293,SO-20251285,Neousys Technology Incorp.,2025/09/26,2.0,Cbl-PC-TW-180CM1,Drop Ship
2025/09/18,POD-251341,SO-20251326,Neousys Technology Incorp.,2025/10/08,20.0,PA-120W-OW,Drop Ship
2025/08/26,POD-251221,SO-20251217,Neousys Technology Incorp.,2025/10/08,42.0,PA-160W-OW,Drop Ship
2025/09/16,POD-251328,SO-20251313,Neousys Technology Incorp.,2025/10/08,30.0,PA-160W-OW,Drop Ship
2025/09/25,POD-251370,SO-20251358,Neousys Technology Incorp.,2025/10/10,40.0,PA-160W-OW,Drop Ship
2025/08/28,POD-251229,SO-20251228,Neousys Technology Incorp.,2025/09/12,3.0,PA-280W-CW6P-2P,WH02D-NTA
2025/09/22,POD-251353,,Neousys Technology Incorp.,2025/10/01,2.0,PA-280W-CW6P-2P,WH01S-NTA
2025/09/25,POD-251369,SO-20251348,Neousys Technology Incorp.,2025/10/22,1.0,PA-600W-C4PY-4P,WH01S-NTA
2025/09/09,POD-251293,SO-20251285,Neousys Technology Incorp.,2025/09/26,2.0,PA-60W-OW,Drop Ship
2025/08/26,POD-251219,SO-20251212,Neousys Technology Incorp.,2025/10/09,9.0,PB-9250J-SA,Drop Ship
2025/08/15,POD-251164,SO-20251167,Neousys Technology Incorp.,2025/10/01,1.0,RGS-8805GC-DEX,WH01S-NTA
2025/10/01,POD-251401,SO-20251389,Neousys Technology Incorp.,2025/10/03,2.0,POC-320-MB-A3,Drop Ship
2025/09/25,POD-251369,SO-20251348,Neousys Technology Incorp.,2025/10/22,2.0,Cbl-TpCPlug-DPM-1M,WH01S-NTA
2025/09/01,POD-251251,SO-20251236,Neousys Technology Incorp.,2025/09/17,2.0,Cbl-TpCPlug-U3TA-50CM,WH01S-NTA
2025/09/03,POD-251259,SO-20251249,Neousys Technology Incorp.,2025/10/31,26.0,Cbl-TpCPlug-U3TA-50CM,Drop Ship
2025/09/25,POD-251369,SO-20251348,Neousys Technology Incorp.,2025/10/22,2.0,Cbl-TpCPlug-U3TA-50CM,WH01S-NTA
2025/09/23,POD-251358,SO-20251335,Neousys Technology Incorp.,2025/10/01,2.0,Cbl-TpCPlug-UTpCF-50CM,WH01S-NTA
2025/09/25,POD-251369,SO-20251348,Neousys Technology Incorp.,2025/10/22,2.0,Cbl-TpCPlug-UTpCF-50CM,WH01S-NTA
2025/08/28,POD-251229,SO-20251228,Neousys Technology Incorp.,2025/09/12,3.0,Cblkit-M12-SEMIL1708,WH02D-NTA
2025/08/14,POD-251157,SO-20251145,Neousys Technology Incorp.,2025/09/03,1.0,Cblkit-M12-SEMIL2000,WH01S-NTA
2025/08/21,POD-251191,SO-20251174,,2025/09/10,2.0,Cblkit-M12-SEMIL2000,WH01S-NTA
2025/08/25,POD-251205,SO-20251194,Neousys Technology Incorp.,2025/09/10,1.0,Cblkit-M12-SEMIL2000,WH01S-NTA
2025/09/25,POD-251369,SO-20251348,Neousys Technology Incorp.,2025/10/22,1.0,Cblkit-M12-SEMIL2000,WH01S-NTA
2025/09/03,POD-251259,SO-20251249,Neousys Technology Incorp.,2025/10/31,13.0,Cblkit-M12-SEMIL2000-AS02,Drop Ship
2025/08/14,POD-251157,SO-20251145,Neousys Technology Incorp.,2025/09/03,1.0,Pnl-3M12-2Ant-SEMIL20,WH01S-NTA
2025/08/21,POD-251191,SO-20251174,,2025/09/10,2.0,Pnl-3M12-2Ant-SEMIL20,WH01S-NTA
2025/09/03,POD-251259,SO-20251249,Neousys Technology Incorp.,2025/10/31,13.0,Pnl-5Ant-SEMIL20,Drop Ship
2025/09/25,POD-251369,SO-20251348,Neousys Technology Incorp.,2025/10/22,1.0,Pnl-5Ant-SEMIL20,WH01S-NTA
2025/08/28,POD-251229,SO-20251228,Neousys Technology Incorp.,2025/09/12,3.0,SEMIL-1708,WH02D-NTA
2025/05/05,POD-250648,SO-20250640,Neousys Technology Incorp.,2025/10/01,10.0,SEMIL-1708-FF,WH01S-NTA
2025/05/05,POD-250649,SO-20250641,Neousys Technology Incorp.,2025/11/05,10.0,SEMIL-1708-FF,WH01S-NTA
2025/05/05,POD-250650,SO-20250642,Neousys Technology Incorp.,2025/12/03,10.0,SEMIL-1708-FF,WH01S-NTA
2025/10/01,POD-251396,SO-20251390,Neousys Technology Incorp.,2025/10/29,1.0,SEMIL-1748GC-10G-L4-BSK(EA),WH01S-NTA
2025/09/01,POD-251251,SO-20251236,Neousys Technology Incorp.,2025/09/17,2.0,SEMIL-2007,WH01S-NTA
2025/09/03,POD-251259,SO-20251249,Neousys Technology Incorp.,2025/10/31,13.0,SEMIL-2007,Drop Ship
2025/08/14,POD-251157,SO-20251145,Neousys Technology Incorp.,2025/09/03,1.0,SEMIL-2047GC,WH01S-NTA
2025/08/21,POD-251191,SO-20251174,,2025/09/10,2.0,SEMIL-2047GC,WH01S-NTA
2025/09/08,POD-251286,SO-20251153,Neousys Technology Incorp.,2025/10/01,7.0,SEMIL-2047GC,WH01S-NTA
2025/09/25,POD-251369,SO-20251348,Neousys Technology Incorp.,2025/10/22,1.0,SEMIL-2047GC,WH01S-NTA
2025/09/04,POD-251261,SO-20251248,Neousys Technology Incorp.,2025/10/08,3.0,SEMIL-2047GC-CRL,WH01S-NTA
2025/09/09,POD-251293,SO-20251285,Neousys Technology Incorp.,2025/09/26,2.0,M.242-SSD-128GB-PCIe34-TLCET-PN,Drop Ship
2025/09/24,POD-251363,SO-20251343,Neousys Technology Incorp.,2025/10/15,1.0,M.242-SSD-1TB-PCIe34-TLC5WT-TD,WH01S-NTA
2025/05/05,POD-250648,SO-20250640,Neousys Technology Incorp.,2025/10/01,10.0,M.280-SSD-1TB-PCIe44-TLC5-PN,WH01S-NTA
2025/05/05,POD-250649,SO-20250641,Neousys Technology Incorp.,2025/11/05,10.0,M.280-SSD-1TB-PCIe44-TLC5-PN,WH01S-NTA
2025/05/05,POD-250650,SO-20250642,Neousys Technology Incorp.,2025/12/03,10.0,M.280-SSD-1TB-PCIe44-TLC5-PN,WH01S-NTA
2025/09/03,POD-251259,SO-20251249,Neousys Technology Incorp.,2025/10/31,13.0,M.280-SSD-1TB-PCIe44-TLC5-PN,Drop Ship
2025/08/19,POD-251180,SO-20251175,Neousys Technology Incorp.,2025/09/17,20.0,M.280-SSD-1TB-PCIe44-TLC5WT-TD,WH01S-NTA
2025/08/19,POD-251181,SO-20251176,Neousys Technology Incorp.,2025/09/17,20.0,M.280-SSD-1TB-PCIe44-TLC5WT-TD,WH01S-NTA
2025/08/19,POD-251182,SO-20251177,Neousys Technology Incorp.,2025/09/24,20.0,M.280-SSD-1TB-PCIe44-TLC5WT-TD,WH01S-NTA
2025/08/19,POD-251183,SO-20251178,Neousys Technology Incorp.,2025/09/17,25.0,M.280-SSD-1TB-PCIe44-TLC5WT-TD,WH01S-NTA
2025/08/19,POD-251184,SO-20251179,Neousys Technology Incorp.,2025/09/24,20.0,M.280-SSD-1TB-PCIe44-TLC5WT-TD,WH01S-NTA
2025/09/01,POD-251251,SO-20251236,Neousys Technology Incorp.,2025/09/17,2.0,M.280-SSD-1TB-PCIe44-TLC5WT-TD,WH01S-NTA
2025/09/26,POD-251373,SO-20251357,Neousys Technology Incorp.,2025/10/16,4.0,M.280-SSD-1TB-SATA-TLC5WT-TD,WH01S-NTA
2025/09/30,POD-251378,SO-20251367,Neousys Technology Incorp.,2025/10/15,10.0,M.280-SSD-1TB-SATA-TLC5WT-TD,WH01S-NTA
2025/09/30,POD-251379,SO-20251368,Neousys Technology Incorp.,2025/10/15,30.0,M.280-SSD-1TB-SATA-TLC5WT-TD,WH01S-NTA
2025/09/17,POD-251333,SO-20251311,Neousys Technology Incorp.,2025/10/01,9.0,M.280-SSD-1TB-SATA-TLCWT-IK,WH01S-NTA
2025/07/25,POD-251062,SO-20251044,Neousys Technology Incorp.,2025/12/24,5.0,M.280-SSD-256GB-PCIe44-TLC5-PN,WH01S-NTA
2025/07/25,POD-251062,SO-20251044,Neousys Technology Incorp.,2025/12/24,5.0,M.280-SSD-256GB-PCIe44-TLC5-PN,WH01S-NTA
2025/08/15,POD-251164,SO-20251167,Neousys Technology Incorp.,2025/10/01,1.0,M.280-SSD-256GB-PCIe44-TLC5WT-TD,WH01S-NTA
2025/09/15,POD-251322,,Neousys Technology Incorp.,2025/09/24,26.0,M.280-SSD-256GB-PCIe44-TLC5WT-TD,WH01S-NTA
2025/09/18,POD-251340,,Neousys Technology Incorp.,2025/10/15,6.0,M.280-SSD-256GB-SATA-TLC5-PN,WH01S-NTA
2025/09/26,POD-251371,,Neousys Technology Incorp.,2025/10/16,5.0,M.280-SSD-256GB-SATA-TLC5WT-TD,WH01S-NTA
2025/08/06,POD-251122,SO-20251113,Neousys Technology Incorp.,2025/10/08,10.0,M.280-SSD-2TB-PCIe44-TLC5ET-TD,WH01S-NTA
2025/08/06,POD-251123,SO-20251113,Neousys Technology Incorp.,2025/10/15,15.0,M.280-SSD-2TB-PCIe44-TLC5ET-TD,WH01S-NTA
2025/09/15,POD-251322,,Neousys Technology Incorp.,2025/09/24,2.0,M.280-SSD-2TB-PCIe44-TLC5ET-TD,WH01S-NTA
2025/10/01,POD-251396,SO-20251390,Neousys Technology Incorp.,2025/10/29,1.0,M.280-SSD-2TB-PCIe44-TLC5ET-TD,WH01S-NTA
2025/08/28,POD-251229,SO-20251228,Neousys Technology Incorp.,2025/09/12,3.0,M.280-SSD-2TB-PCIe44-TLC5WT-TD,WH02D-NTA
2025/08/29,POD-251238,SO-20251222,Neousys Technology Incorp.,2025/09/17,7.0,M.280-SSD-2TB-PCIe44-TLC5WT-TD,WH01S-NTA
2025/08/29,POD-251238,SO-20251222,Neousys Technology Incorp.,2025/09/17,9.0,M.280-SSD-2TB-PCIe44-TLC5WT-TD,WH01S-NTA
2025/09/08,POD-251286,SO-20251153,Neousys Technology Incorp.,2025/10/01,7.0,M.280-SSD-2TB-PCIe44-TLC5WT-TD,WH01S-NTA
2025/09/15,POD-251322,,Neousys Technology Incorp.,2025/09/24,6.0,M.280-SSD-2TB-PCIe44-TLC5WT-TD,WH01S-NTA
2025/10/01,POD-251395,SO-20251385,Neousys Technology Incorp.,2025/10/22,8.0,M.280-SSD-2TB-PCIe44-TLC5WT-TD,WH01S-NTA
2025/09/25,POD-251369,SO-20251348,Neousys Technology Incorp.,2025/10/22,1.0,M.280-SSD-4TB-PCIe4-TLCWT5-IK,WH01S-NTA
2025/09/04,POD-251261,SO-20251248,Neousys Technology Incorp.,2025/10/08,3.0,M.280-SSD-4TB-PCIe4-TLCWT5NH-IK,WH01S-NTA
2025/09/08,POD-251275,SO-20251253,Neousys Technology Incorp.,2025/10/01,2.0,M.280-SSD-512GB-PCIe44-TLC5-PN,WH01S-NTA
2025/09/15,POD-251317,,Neousys Technology Incorp.,2025/09/24,5.0,M.280-SSD-512GB-PCIe44-TLC5-PN,WH01S-NTA
2025/09/15,POD-251322,,Neousys Technology Incorp.,2025/09/24,2.0,M.280-SSD-512GB-PCIe44-TLC5-PN,WH01S-NTA
2025/09/22,POD-251352,SO-20251333,Neousys Technology Incorp.,2025/10/08,5.0,M.280-SSD-512GB-PCIe44-TLC5-PN,WH01S-NTA
2025/09/18,POD-251342,SO-20251327,Neousys Technology Incorp.,2025/10/03,1.0,M.280-SSD-512GB-PCIe44-TLC5WT-TD,Drop Ship
2025/08/26,POD-251217,SO-20251205,Neousys Technology Incorp.,2025/10/01,6.0,mSATA-512GB-TLCWT-IK,WH01S-NTA
2025/07/25,POD-251059,SO-20251032,Neousys Technology Incorp.,2025/10/22,25.0,mSATAHS-64GB-MLCWT-IK,WH01S-NTA
2025/07/25,POD-251060,,Neousys Technology Incorp.,2025/11/19,25.0,mSATAHS-64GB-MLCWT-IK,WH01S-NTA
2025/09/22,POD-251351,,Neousys Technology Incorp.,2025/10/16,10.0,SSD-1TB-TLC5ET-TD,WH01S-NTA
2025/08/14,POD-251157,SO-20251145,Neousys Technology Incorp.,2025/09/03,2.0,SSD-1TB-TLC5WT-TD,WH01S-NTA
2025/08/21,POD-251191,SO-20251174,,2025/09/10,4.0,SSD-1TB-TLC5WT-TD,WH01S-NTA
2025/08/06,POD-251122,SO-20251113,Neousys Technology Incorp.,2025/10/08,10.0,SSD-2TB-TLC-IK,WH01S-NTA
2025/08/06,POD-251123,SO-20251113,Neousys Technology Incorp.,2025/10/15,15.0,SSD-2TB-TLC-IK,WH01S-NTA
2025/08/28,POD-251229,SO-20251228,Neousys Technology Incorp.,2025/09/12,3.0,SSD-2TB-TLC5WT-TD,WH02D-NTA
2025/09/01,POD-251251,SO-20251236,Neousys Technology Incorp.,2025/09/17,2.0,SSD-2TB-TLC5WT-TD,WH01S-NTA
2025/09/04,POD-251261,SO-20251248,Neousys Technology Incorp.,2025/10/08,6.0,SSD-2TB-TLC5WT-TD,WH01S-NTA
2025/09/23,POD-251360,SO-20251341,Neousys Technology Incorp.,2025/10/01,1.0,SSD-512GB-TLC5-PN,WH01S-NTA
2025/09/12,POD-251308,SO-20251259,Neousys Technology Incorp.,2025/10/01,2.0,SSD-512GB-TLC5WT-TD,WH01S-NTA
2025/07/25,POD-251059,SO-20251032,Neousys Technology Incorp.,2025/10/22,25.0,Win10IoT19-Entry,WH01S-NTA
2025/07/25,POD-251060,,Neousys Technology Incorp.,2025/11/19,25.0,Win10IoT19-Entry,WH01S-NTA
2025/09/30,POD-251390,A250300,"Kontron America, Inc.",2025/10/09,5.0,Win10IoT21-Entry,WH01S-NTA
2025/09/30,POD-251391,A250301,"Kontron America, Inc.",2025/10/09,5.0,Win10IoT21-Entry,WH01S-NTA
2025/09/11,POD-251301,SO-20251281,Neousys Technology Incorp.,2025/09/24,1.0,Win10Pro-ENG64,WH01S-NTA
2025/09/12,POD-251305,SO-20251295,Neousys Technology Incorp.,2025/10/01,1.0,Win10Pro-ENG64,WH01S-NTA
2025/09/17,POD-251333,SO-20251311,Neousys Technology Incorp.,2025/10/01,10.0,Win11IoT24-Entry,WH01S-NTA
2025/09/09,POD-251293,SO-20251285,Neousys Technology Incorp.,2025/09/26,1.0,,
2025/09/09,POD-251293,SO-20251285,Neousys Technology Incorp.,2025/09/26,2.0,,
